Date,Time,TxBat(V),VFR 2.4G(%),Rx VFR(%),VFR 900M(%),AccY(g),Altitude(m),RSSI 2.4G(dB),RX,RxBatt(V),AccX(g),AccZ(g),VSpeed(m/s),RSSI 900M(dB),RX,R.angle(°),P.angle(°),Power 900M(mW),ADC2(V),LiPo1(V),LiPo2(V),LiPo3(V),LiPo4(V),LiPo5(V),LiPo6(V),LiPo7(V),LiPo8(V),VFAS(V),Current(A),Temp1(°C),Temp2(°C),Air speed(km/h),Rudder,Elevator,Throttle,Aileron,Pot1,Pot2,Slider left,Slider right,SA,SB,SC,SD,SE,SF,SG,SH,SI,SJ,LS1,LS2,
2026-04-02,13:48:40.780,7.44,96,100,100,0.042,65.68,47,0,8.17,-0.199,0.908,2.21,61,0,-139.67,66.89,10,0.00,3.59,3.63,3.62,3.64,3.63,3.61,3.65,3.63,28.76,41.7,-30,-30,73.2,0,-342,589,0,0,667,0,-888,1,-1,-1,1,1,-1,-1,-1,-1,-1,0,1,
2026-04-02,13:48:41.020,7.43,97,100,100,0.053,66.08,47,0,8.17,-0.233,0.993,1.69,60,0,-145.30,54.51,10,0.00,3.59,3.63,3.62,3.64,3.63,3.61,3.65,3.63,28.75,42.0,-30,-30,73.2,0,-317,588,0,0,666,0,-888,1,-1,-1,1,1,-1,-1,-1,-1,-1,0,1,
2026-04-02,13:48:41.280,7.43,96,100,100,0.029,66.48,44,0,8.17,-0.180,0.768,1.56,61,0,-146.05,49.35,10,0.00,3.59,3.63,3.62,3.64,3.63,3.61,3.65,3.62,28.75,42.0,-30,-30,72.4,0,-399,588,39,0,666,0,-887,1,-1,-1,1,1,-1,-1,-1,-1,-1,0,1,
2026-04-02,13:48:41.540,7.43,90,100,100,0.091,66.69,42,0,8.17,-0.203,1.022,1.08,61,0,-148.88,40.34,10,0.00,3.59,3.63,3.62,3.64,3.63,3.61,3.65,3.62,28.75,41.8,-30,-30,72.4,0,-417,588,35,0,666,0,-887,1,-1,-1,1,1,-1,-1,-1,-1,-1,0,1,
2026-04-02,13:48:41.800,7.43,84,100,100,0.077,66.84,40,0,8.17,-0.156,1.006,0.73,61,0,-153.63,34.63,10,0.00,3.59,3.63,3.62,3.63,3.63,3.61,3.65,3.62,28.75,41.8,-30,-30,75.0,0,-393,588,0,0,666,0,-887,1,-1,-1,1,1,-1,-1,-1,-1,-1,0,1,
2026-04-02,13:48:42.060,7.43,82,100,100,0.074,66.93,39,0,8.17,-0.123,0.966,0.48,62,0,-158.23,29.35,10,0.00,3.59,3.63,3.62,3.63,3.63,3.60,3.65,3.62,28.74,41.6,-30,-30,74.3,0,-436,588,8,0,667,0,-887,1,-1,-1,1,1,-1,-1,-1,-1,-1,0,1,
2026-04-02,13:48:42.330,7.43,83,100,100,0.055,66.95,39,0,8.17,-0.172,1.025,0.25,62,0,-166.96,20.37,10,0.00,3.59,3.63,3.62,3.63,3.63,3.60,3.64,3.62,28.74,41.6,-30,-30,76.3,0,-404,588,11,0,666,0,-887,1,-1,-1,1,1,-1,-1,-1,-1,-1,0,1,
2026-04-02,13:48:42.590,7.43,79,100,100,0.049,66.98,37,0,8.17,-0.275,1.249,0.08,62,0,-167.58,16.16,10,0.00,3.59,3.63,3.62,3.63,3.63,3.60,3.64,3.62,28.74,41.7,-30,-30,73.5,0,-431,588,140,0,666,0,-887,1,-1,-1,1,1,-1,-1,-1,-1,-1,0,1,
2026-04-02,13:48:42.860,7.43,76,100,100,0.051,67.14,36,0,8.17,-0.213,1.058,0.08,61,0,-160.72,15.07,10,0.00,3.59,3.63,3.62,3.63,3.63,3.60,3.64,3.62,28.74,41.7,-30,-30,73.5,0,-448,587,175,0,666,0,-888,1,-1,-1,1,1,-1,-1,-1,-1,-1,0,1,
2026-04-02,13:48:43.130,7.43,71,100,100,0.051,66.75,36,0,8.17,-0.201,1.169,0.16,60,0,-159.54,12.00,10,0.00,3.59,3.63,3.62,3.63,3.63,3.60,3.64,3.62,28.74,41.7,-30,-30,74.3,0,-191,586,0,0,666,0,-887,1,-1,-1,1,1,-1,-1,-1,-1,-1,0,1,
2026-04-02,13:48:43.390,7.43,81,100,100,0.131,66.48,39,0,8.14,-0.164,0.937,-0.86,57,0,-169.71,8.59,10,0.00,3.59,3.63,3.62,3.63,3.63,3.60,3.64,3.62,28.74,41.7,-30,-30,74.3,0,-405,587,5,0,667,0,-887,1,-1,-1,1,1,-1,-1,-1,-1,-1,0,1,
2026-04-02,13:48:43.650,7.43,83,100,100,0.089,66.14,39,0,8.14,-0.123,0.749,-0.97,54,0,-169.71,8.59,10,0.00,3.59,3.63,3.62,3.63,3.63,3.60,3.64,3.62,28.74,41.1,-30,-30,78.0,0,-372,587,45,0,667,0,-887,1,-1,-1,1,1,-1,-1,-1,-1,-1,0,1,
2026-04-02,13:48:43.920,7.43,89,100,100,0.042,65.66,40,0,8.16,-0.132,1.016,-1.42,48,0,173.84,5.03,10,0.00,3.59,3.63,3.62,3.63,3.63,3.60,3.64,3.62,28.74,40.9,-30,-30,77.6,0,-415,587,216,0,666,0,-887,1,-1,-1,1,1,-1,-1,-1,-1,-1,0,1,
2026-04-02,13:48:44.180,7.43,88,100,100,0.039,65.48,39,0,8.16,-0.150,1.282,-1.42,48,0,176.08,3.05,10,0.00,3.59,3.63,3.62,3.63,3.63,3.60,3.64,3.62,28.74,40.9,-30,-30,77.6,0,-416,587,209,0,666,0,-888,1,-1,-1,1,1,-1,-1,-1,-1,-1,0,1,
2026-04-02,13:48:44.450,7.43,80,100,100,0.054,65.20,37,0,8.17,-0.189,1.180,-0.90,53,0,-174.40,3.91,10,0.00,3.59,3.63,3.62,3.63,3.63,3.60,3.64,3.62,28.74,41.0,-30,-30,77.4,0,-400,588,162,0,666,0,-887,1,-1,-1,1,1,-1,-1,-1,-1,-1,0,1,
2026-04-02,13:48:44.710,7.43,73,100,100,0.094,64.76,38,0,8.17,-0.168,1.101,-1.24,55,0,-174.29,3.63,10,0.00,3.59,3.63,3.62,3.63,3.63,3.60,3.64,3.62,28.74,41.0,-30,-30,78.3,0,-358,561,162,0,666,0,-887,1,-1,-1,1,1,-1,-1,-1,-1,-1,0,1,
2026-04-02,13:48:44.970,7.43,66,100,100,0.100,64.24,38,0,8.17,-0.105,1.101,-1.58,56,0,-177.99,3.04,10,0.00,3.59,3.63,3.62,3.63,3.63,3.60,3.64,3.62,28.78,38.1,-30,-30,79.5,0,-299,499,214,0,666,0,-887,1,-1,-1,1,1,-1,-1,-1,-1,-1,0,1,
2026-04-02,13:48:45.230,7.43,76,100,100,0.076,63.99,41,0,8.17,-0.088,0.893,-1.27,58,0,175.36,3.82,10,0.00,3.59,3.63,3.62,3.63,3.63,3.60,3.64,3.62,28.78,38.1,-30,-30,81.7,0,-261,499,297,0,666,0,-887,1,-1,-1,1,1,-1,-1,-1,-1,-1,0,1,
2026-04-02,13:48:45.490,7.43,81,100,100,0.070,63.54,43,0,8.17,-0.022,0.888,-1.29,59,0,174.91,3.71,10,0.00,3.59,3.63,3.63,3.64,3.63,3.60,3.64,3.62,28.82,34.2,-30,-30,81.7,0,-237,499,358,0,666,0,-888,1,-1,-1,1,1,-1,-1,-1,-1,-1,0,1,
2026-04-02,13:48:45.750,7.43,89,100,100,0.055,63.08,44,0,8.17,-0.022,0.860,-1.54,58,0,178.10,5.40,10,0.00,3.59,3.63,3.63,3.64,3.63,3.62,3.64,3.62,28.82,34.2,-30,-30,81.9,0,-277,499,384,0,667,0,-887,1,-1,-1,1,1,-1,-1,-1,-1,-1,0,1,
2026-04-02,13:48:46.020,7.43,92,100,100,0.088,62.64,45,0,8.17,-0.070,0.889,-1.54,57,0,-175.65,7.18,10,0.00,3.59,3.63,3.63,3.64,3.63,3.62,3.66,3.64,28.84,34.2,-30,-30,81.7,0,-249,498,183,0,666,0,-887,1,-1,-1,1,1,-1,-1,-1,-1,-1,0,1,
2026-04-02,13:48:46.280,7.43,97,100,100,0.095,62.33,48,0,8.17,-0.070,0.926,-1.29,54,0,-175.68,7.19,10,0.00,3.60,3.65,3.63,3.64,3.63,3.62,3.66,3.64,28.84,34.2,-30,-30,81.9,0,-271,499,0,0,666,0,-887,1,-1,-1,1,1,-1,-1,-1,-1,-1,0,1,
2026-04-02,13:48:46.550,7.43,100,100,100,0.081,61.97,50,0,8.17,-0.072,0.924,-1.23,53,0,172.81,7.39,10,0.00,3.60,3.65,3.64,3.65,3.63,3.62,3.66,3.64,28.86,34.0,-30,-30,81.9,0,-298,499,0,0,666,0,-887,1,-1,-1,1,1,-1,-1,-1,-1,-1,0,1,
2026-04-02,13:48:46.810,7.43,99,100,100,0.051,60.79,52,0,8.17,-0.048,0.919,-1.96,53,0,174.53,6.77,10,0.00,3.60,3.65,3.64,3.65,3.63,3.62,3.66,3.64,28.86,34.0,-30,-30,83.2,0,-328,499,3,0,667,0,-888,1,-1,-1,1,1,-1,-1,-1,-1,-1,0,1,
2026-04-02,13:48:47.070,7.43,99,100,100,0.048,60.09,53,0,8.17,-0.073,1.113,-1.96,51,0,173.17,4.78,10,0.00,3.60,3.65,3.64,3.65,3.64,3.63,3.66,3.64,28.88,34.1,-30,-30,85.0,0,-352,498,0,0,667,0,-887,1,-1,-1,1,1,-1,-1,-1,-1,-1,0,1,
2026-04-02,13:48:47.330,7.43,98,100,100,0.049,59.55,52,0,8.17,-0.032,1.045,-2.09,50,0,169.91,4.29,10,0.00,3.60,3.65,3.64,3.65,3.64,3.63,3.66,3.64,28.88,34.1,-30,-30,85.6,0,-262,498,-48,0,667,0,-888,1,-1,-1,1,1,-1,-1,-1,-1,-1,0,1,
2026-04-02,13:48:47.590,7.43,97,100,100,0.057,58.95,50,0,8.17,-0.039,0.966,-2.04,51,0,167.91,4.16,10,0.00,3.61,3.64,3.64,3.65,3.64,3.63,3.66,3.64,28.91,33.5,-30,-30,85.6,0,-292,498,-83,0,666,0,-887,1,-1,-1,1,1,-1,-1,-1,-1,-1,0,1,
2026-04-02,13:48:47.860,7.42,98,100,100,0.045,58.22,51,0,8.17,-0.096,0.976,-2.26,50,0,163.03,3.39,10,0.00,3.61,3.64,3.64,3.65,3.64,3.63,3.66,3.64,28.91,33.5,-30,-30,86.3,0,-259,498,-108,0,666,0,-888,1,-1,-1,1,1,-1,-1,-1,-1,-1,0,1,
2026-04-02,13:48:48.120,7.43,98,100,100,0.021,57.56,52,0,8.17,0.018,0.995,-2.39,50,0,161.77,2.27,10,0.00,3.61,3.64,3.64,3.65,3.64,3.63,3.66,3.64,28.92,33.5,-30,-30,86.3,-21,-293,498,-142,0,666,0,-887,1,-1,-1,1,1,-1,-1,-1,-1,-1,0,1,
2026-04-02,13:48:48.380,7.43,96,100,100,0.006,57.10,51,0,8.17,0.027,0.934,-1.94,54,0,158.73,1.51,10,0.00,3.61,3.64,3.64,3.65,3.64,3.63,3.66,3.64,28.92,33.5,-30,-30,86.3,-41,-327,497,-160,0,666,0,-888,1,-1,-1,1,1,-1,-1,-1,-1,-1,0,1,
2026-04-02,13:48:48.650,7.43,95,100,100,0.030,56.56,50,0,8.17,-0.039,1.019,-1.85,57,0,157.66,0.88,10,0.00,3.61,3.65,3.64,3.65,3.64,3.63,3.66,3.64,28.93,33.5,-30,-30,87.4,-69,-289,497,-267,0,666,0,-887,1,-1,-1,1,1,-1,-1,-1,-1,-1,0,1,
2026-04-02,13:48:48.910,7.43,96,100,100,0.008,56.07,51,0,8.17,-0.005,1.019,-1.78,58,0,154.58,-0.46,10,0.00,3.61,3.65,3.64,3.65,3.64,3.63,3.66,3.64,28.93,33.3,-30,-30,86.9,-74,-315,498,-266,0,666,0,-887,1,-1,-1,1,1,-1,-1,-1,-1,-1,0,1,
2026-04-02,13:48:49.170,7.43,98,100,100,0.013,55.67,52,0,8.17,0.000,0.946,-1.51,59,0,149.55,-0.88,10,0.00,3.61,3.65,3.64,3.65,3.64,3.63,3.66,3.64,28.94,33.3,-30,-30,86.5,-85,-215,498,-329,0,666,0,-887,1,-1,-1,1,1,-1,-1,-1,-1,-1,0,1,
2026-04-02,13:48:49.440,7.43,99,100,100,0.034,55.15,52,0,8.17,-0.064,1.088,-1.64,60,0,146.66,-1.00,10,0.00,3.61,3.65,3.64,3.65,3.64,3.63,3.66,3.64,28.95,33.2,-30,-30,87.4,-91,-322,498,-304,0,666,0,-887,1,-1,-1,1,1,-1,-1,-1,-1,-1,0,1,
2026-04-02,13:48:49.700,7.43,97,100,100,-0.021,54.73,50,0,8.17,-0.046,1.018,-1.64,60,0,141.32,-0.40,10,0.00,3.61,3.65,3.64,3.65,3.64,3.63,3.66,3.64,28.95,33.2,-30,-30,87.4,-84,-408,497,-219,0,667,0,-888,1,-1,-1,1,1,-1,-1,-1,-1,-1,0,1,
2026-04-02,13:48:49.970,7.42,97,100,100,-0.017,53.95,49,0,8.17,-0.090,1.189,-1.30,59,0,141.70,-1.02,10,0.00,3.61,3.65,3.64,3.65,3.64,3.63,3.66,3.64,28.95,32.9,-30,-30,90.9,-73,-407,497,-197,0,666,0,-888,1,-1,-1,1,1,-1,-1,-1,-1,-1,0,1,
2026-04-02,13:48:50.230,7.43,95,100,100,0.055,53.76,48,0,8.17,-0.047,1.250,-0.88,60,0,138.78,-0.49,10,0.00,3.61,3.65,3.64,3.65,3.64,3.63,3.66,3.64,28.95,32.9,-30,-30,86.1,-74,-357,497,-207,0,666,0,-887,1,-1,-1,1,1,-1,-1,-1,-1,-1,0,1,
2026-04-02,13:48:50.500,7.43,92,100,100,0.016,53.47,48,0,8.17,-0.014,1.001,-0.91,61,0,124.35,1.28,10,0.00,3.61,3.65,3.64,3.65,3.64,3.63,3.66,3.64,28.96,33.7,-30,-30,85.6,-75,-351,496,-181,0,666,0,-887,1,-1,-1,1,1,-1,-1,-1,-1,-1,0,1,
2026-04-02,13:48:50.760,7.43,87,100,100,0.016,53.07,46,0,8.17,-0.088,1.065,-1.19,61,0,122.23,1.92,10,0.00,3.61,3.65,3.64,3.65,3.64,3.63,3.66,3.64,28.96,33.7,-30,-30,86.3,-76,-395,496,-98,0,667,0,-887,1,-1,-1,1,1,-1,-1,-1,-1,-1,0,1,
2026-04-02,13:48:51.030,7.43,83,100,100,0.029,52.73,43,0,8.17,-0.044,1.056,-1.19,62,0,119.03,3.05,10,0.00,3.61,3.65,3.64,3.65,3.64,3.63,3.66,3.64,28.97,33.0,-30,-30,88.3,-74,-425,497,-56,0,666,0,-887,1,-1,-1,1,1,-1,-1,-1,-1,-1,0,1,
2026-04-02,13:48:51.290,7.43,76,100,100,0.005,52.26,41,0,8.17,0.033,1.153,-1.19,61,0,118.41,3.18,10,0.00,3.61,3.65,3.64,3.65,3.64,3.63,3.66,3.64,28.97,33.0,-30,-30,89.5,-73,-415,497,-51,0,666,0,-887,1,-1,-1,1,1,-1,-1,-1,-1,-1,0,1,
2026-04-02,13:48:51.550,7.42,71,100,100,0.006,52.14,40,0,8.17,-0.042,1.328,-1.05,59,0,117.17,4.63,10,0.00,3.61,3.65,3.64,3.65,3.64,3.63,3.66,3.64,28.97,32.9,-30,-30,83.7,-73,-413,496,-32,0,666,0,-887,1,-1,-1,1,1,-1,-1,-1,-1,-1,0,1,
2026-04-02,13:48:51.810,7.43,71,100,100,0.039,52.25,40,0,8.17,-0.043,1.102,-0.11,59,0,117.72,6.45,10,0.00,3.61,3.65,3.64,3.65,3.64,3.63,3.66,3.64,28.97,32.9,-30,-30,83.7,-77,-398,497,-89,0,666,0,-887,1,-1,-1,1,1,-1,-1,-1,-1,-1,0,1,
2026-04-02,13:48:52.070,7.43,71,100,100,0.039,52.22,40,0,8.17,-0.083,0.966,-0.03,58,0,112.98,10.75,10,0.00,3.61,3.65,3.64,3.65,3.64,3.63,3.66,3.64,28.96,32.9,-30,-30,81.5,-75,-426,498,-50,0,666,0,-887,1,-1,-1,1,1,-1,-1,-1,-1,-1,0,1,
2026-04-02,13:48:52.340,7.43,71,100,100,0.053,52.22,40,0,8.17,-0.110,1.300,-0.63,55,0,112.11,12.74,10,0.00,3.61,3.65,3.64,3.65,3.64,3.63,3.66,3.64,28.96,32.9,-30,-30,83.2,-75,-405,497,-77,0,666,0,-888,1,-1,-1,1,1,-1,-1,-1,-1,-1,0,1,
2026-04-02,13:48:52.600,7.43,75,100,100,0.037,51.81,40,0,8.17,-0.110,1.123,-0.64,54,0,109.79,14.76,10,0.00,3.61,3.65,3.64,3.65,3.64,3.63,3.66,3.64,28.95,34.3,-30,-30,82.4,-77,-458,497,0,0,666,0,-887,1,-1,-1,1,1,-1,-1,-1,-1,-1,0,1,
2026-04-02,13:48:52.870,7.42,79,100,100,0.035,51.60,42,0,8.17,-0.124,1.067,-0.34,54,0,112.31,18.22,10,0.00,3.61,3.65,3.64,3.65,3.64,3.63,3.66,3.64,28.95,34.3,-30,-30,82.8,-68,-463,497,0,0,666,0,-887,1,-1,-1,1,1,-1,-1,-1,-1,-1,0,1,
2026-04-02,13:48:53.140,7.43,83,100,100,0.023,51.35,42,0,8.17,-0.102,1.187,-0.84,55,0,115.30,18.89,10,0.00,3.61,3.65,3.64,3.65,3.64,3.63,3.66,3.64,28.95,34.3,-30,-30,81.7,-61,-462,498,0,0,666,0,-887,1,-1,-1,1,1,-1,-1,-1,-1,-1,0,1,
2026-04-02,13:48:53.410,7.43,78,100,100,0.050,51.14,43,0,8.17,-0.092,1.209,-0.75,54,0,112.84,21.76,10,0.00,3.61,3.64,3.64,3.65,3.64,3.63,3.66,3.64,28.95,34.3,-30,-30,80.0,-64,-463,498,0,0,666,0,-888,1,-1,-1,1,1,-1,-1,-1,-1,-1,0,1,
2026-04-02,13:48:53.670,7.43,80,100,100,0.049,51.15,45,0,8.17,-0.155,1.310,-0.40,54,0,108.38,25.18,10,0.00,3.61,3.64,3.64,3.65,3.64,3.63,3.66,3.64,28.95,34.3,-30,-30,81.5,-61,-459,498,0,0,666,0,-887,1,-1,-1,1,1,-1,-1,-1,-1,-1,0,1,
2026-04-02,13:48:53.940,7.43,81,100,100,0.011,51.11,46,0,8.17,-0.085,1.156,-0.09,54,0,106.89,27.35,10,0.00,3.61,3.64,3.64,3.65,3.64,3.63,3.66,3.64,28.94,34.3,-30,-30,81.5,-65,-544,497,28,0,666,0,-887,1,-1,-1,1,1,-1,-1,-1,-1,-1,0,1,
2026-04-02,13:48:54.200,7.43,88,100,100,0.016,50.89,48,0,8.17,-0.091,1.371,-0.47,47,0,110.28,32.04,10,0.00,3.61,3.64,3.64,3.65,3.64,3.63,3.66,3.64,28.94,34.3,-30,-30,81.5,-68,-553,497,36,0,666,0,-887,1,-1,-1,1,1,-1,-1,-1,-1,-1,0,1,
2026-04-02,13:48:54.470,7.43,92,100,100,0.095,50.66,50,0,8.17,-0.134,1.240,-0.69,49,0,112.41,34.22,10,0.00,3.61,3.64,3.64,3.65,3.64,3.63,3.66,3.64,28.94,34.1,-30,-30,81.7,-66,-462,497,0,0,667,0,-887,1,-1,-1,1,1,-1,-1,-1,-1,-1,0,1,
2026-04-02,13:48:54.740,7.43,95,99,99,0.062,50.58,52,0,8.17,-0.069,1.312,-0.54,45,0,109.36,37.77,10,0.00,3.61,3.64,3.64,3.65,3.64,3.63,3.66,3.64,28.94,34.1,-30,-30,82.6,-75,-517,498,0,0,666,0,-887,1,-1,-1,1,1,-1,-1,-1,-1,-1,0,1,
2026-04-02,13:48:55.000,7.43,97,98,98,0.024,50.48,55,0,8.17,-0.119,1.248,-0.36,43,0,105.33,41.21,10,0.00,3.61,3.64,3.64,3.65,3.64,3.63,3.66,3.64,28.94,34.4,-30,-30,80.7,-73,-517,497,0,0,667,0,-887,1,-1,-1,1,1,-1,-1,-1,-1,-1,0,1,
2026-04-02,13:48:55.260,7.43,96,98,98,0.000,50.40,56,0,8.17,-0.156,1.376,-0.33,42,0,107.49,42.99,10,0.00,3.61,3.64,3.64,3.65,3.64,3.62,3.66,3.64,28.94,34.4,-30,-30,80.4,-57,-505,497,0,0,666,0,-887,1,-1,-1,1,1,-1,-1,-1,-1,-1,0,1,
2026-04-02,13:48:55.530,7.43,97,98,98,0.041,50.57,57,0,8.17,-0.193,1.369,0.24,41,0,118.06,49.19,10,0.00,3.61,3.64,3.64,3.65,3.64,3.62,3.66,3.64,28.93,35.1,-30,-30,76.9,-73,-481,497,0,0,666,0,-887,1,-1,-1,1,1,-1,-1,-1,-1,-1,0,1,
2026-04-02,13:48:55.790,7.43,98,98,98,0.078,50.48,58,0,8.17,-0.144,1.236,-0.10,43,0,119.39,52.81,10,0.00,3.61,3.64,3.64,3.65,3.64,3.62,3.66,3.64,28.93,35.1,-30,-30,76.1,-92,-448,496,0,0,666,0,-887,1,-1,-1,1,1,-1,-1,-1,-1,-1,0,1,
2026-04-02,13:48:56.050,7.43,98,98,98,0.106,50.20,57,0,8.17,-0.074,0.999,-0.54,48,0,119.19,56.99,10,0.00,3.61,3.64,3.64,3.65,3.64,3.62,3.66,3.64,28.92,34.7,-30,-30,75.9,-100,-435,497,0,0,667,0,-887,1,-1,-1,1,1,-1,-1,-1,-1,-1,0,1,
2026-04-02,13:48:56.320,7.43,97,98,98,0.062,49.98,54,0,8.17,-0.120,1.020,-0.80,52,0,125.51,55.84,10,0.00,3.61,3.64,3.64,3.64,3.64,3.62,3.66,3.64,28.92,34.7,-30,-30,75.9,-101,-403,496,0,0,666,0,-887,1,-1,-1,1,1,-1,-1,-1,-1,-1,0,1,
2026-04-02,13:48:56.590,7.43,94,98,98,0.018,49.82,53,0,8.17,-0.124,0.920,-0.62,57,0,137.04,51.40,10,0.00,3.61,3.64,3.64,3.64,3.64,3.62,3.66,3.64,28.91,35.0,-30,-30,75.9,-91,-429,497,8,0,666,0,-887,1,-1,-1,1,1,-1,-1,-1,-1,-1,0,1,
2026-04-02,13:48:56.850,7.43,95,98,98,0.038,49.55,53,0,8.17,-0.135,1.303,-0.80,61,0,151.68,46.93,10,0.00,3.61,3.64,3.64,3.64,3.64,3.62,3.66,3.63,28.91,35.0,-30,-30,76.7,-60,-475,497,80,0,666,0,-887,1,-1,-1,1,1,-1,-1,-1,-1,-1,0,1,
2026-04-02,13:48:57.120,7.43,96,98,98,0.048,49.29,53,0,8.17,-0.101,1.232,-0.81,64,0,154.80,47.50,10,0.00,3.60,3.64,3.64,3.64,3.64,3.62,3.66,3.63,28.90,34.5,-30,-30,82.4,0,-478,498,99,0,666,0,-887,1,-1,-1,1,1,-1,-1,-1,-1,-1,0,1,
2026-04-02,13:48:57.380,7.42,98,99,98,0.036,48.78,55,0,8.17,-0.023,1.276,-1.33,65,0,158.58,47.49,10,0.00,3.60,3.64,3.64,3.64,3.64,3.62,3.66,3.63,28.90,34.5,-30,-30,83.7,0,-484,497,125,0,666,0,-887,1,-1,-1,1,1,-1,-1,-1,-1,-1,0,1,
2026-04-02,13:48:57.640,7.42,99,99,98,0.041,48.15,56,0,8.17,-0.072,1.266,-1.84,68,0,158.91,46.85,10,0.00,3.60,3.64,3.64,3.64,3.64,3.62,3.66,3.63,28.91,33.8,-30,-30,83.7,0,-504,498,254,0,666,0,-888,1,-1,-1,1,1,-1,-1,-1,-1,-1,0,1,
2026-04-02,13:48:57.910,7.42,99,99,98,0.059,47.53,56,0,8.17,-0.073,1.259,-2.06,69,0,163.08,45.43,10,0.00,3.60,3.64,3.64,3.64,3.64,3.62,3.66,3.63,28.91,33.8,-30,-30,83.5,0,-506,499,228,0,666,0,-887,1,-1,-1,1,1,-1,-1,-1,-1,-1,0,1,
2026-04-02,13:48:58.170,7.43,97,98,98,0.031,46.86,55,0,8.15,-0.090,1.299,-2.22,70,0,166.25,43.24,10,0.00,3.60,3.64,3.64,3.64,3.64,3.62,3.65,3.64,28.90,33.8,-30,-30,85.6,0,-461,499,195,0,666,0,-887,1,-1,-1,1,1,-1,-1,-1,-1,-1,0,1,
2026-04-02,13:48:58.430,7.43,95,98,98,-0.009,45.52,56,0,8.16,-0.032,1.055,-2.25,71,0,168.78,41.98,10,0.00,3.60,3.64,3.64,3.64,3.64,3.62,3.65,3.64,28.90,33.8,-30,-30,83.7,0,-412,498,181,0,667,0,-888,1,-1,-1,1,1,-1,-1,-1,-1,-1,0,1,
2026-04-02,13:48:58.690,7.43,94,99,99,0.047,44.83,58,0,8.17,-0.113,1.334,-2.43,71,0,176.19,39.37,10,0.00,3.60,3.64,3.63,3.65,3.64,3.62,3.65,3.64,28.90,33.8,-30,-30,83.7,20,-289,500,255,0,666,0,-887,1,-1,-1,1,1,-1,-1,-1,-1,-1,0,1,
2026-04-02,13:48:58.960,7.43,96,100,100,0.050,44.19,60,0,8.17,-0.086,0.945,-2.27,70,0,178.69,40.03,10,0.00,3.60,3.64,3.63,3.65,3.64,3.62,3.65,3.64,28.91,33.6,-30,-30,84.5,0,-241,500,194,0,666,0,-887,1,-1,-1,1,1,-1,-1,-1,-1,-1,0,1,
2026-04-02,13:48:59.230,7.43,96,100,100,0.038,43.28,56,0,8.17,0.030,0.811,-2.69,69,0,-176.97,37.95,10,0.00,3.60,3.64,3.63,3.65,3.64,3.62,3.66,3.64,28.91,33.6,-30,-30,88.3,0,-276,499,251,0,667,0,-888,1,-1,-1,1,1,-1,-1,-1,-1,-1,0,1,
2026-04-02,13:48:59.490,7.43,95,100,100,0.063,42.44,54,0,8.17,-0.022,1.110,-2.95,66,0,-176.69,35.49,10,0.00,3.60,3.64,3.63,3.65,3.64,3.62,3.66,3.64,28.91,33.2,-30,-30,87.4,0,-203,499,121,0,666,0,-887,1,-1,-1,1,1,-1,-1,-1,-1,-1,0,1,
2026-04-02,13:48:59.760,7.43,94,100,100,0.058,41.79,56,0,8.17,0.012,0.991,-2.58,63,0,-178.06,33.38,10,0.00,3.60,3.64,3.63,3.64,3.64,3.62,3.66,3.64,28.91,33.2,-30,-30,88.3,0,-64,499,132,0,666,0,-887,1,-1,-1,1,1,-1,-1,-1,-1,-1,0,1,
2026-04-02,13:49:00.020,7.43,93,100,100,0.027,40.97,56,0,8.17,0.036,0.769,-2.58,65,0,-177.76,34.73,10,0.00,3.60,3.64,3.63,3.64,3.64,3.62,3.66,3.64,28.92,32.6,-30,-30,88.3,0,-190,498,167,0,666,0,-887,1,-1,-1,1,1,-1,-1,-1,-1,-1,0,1,
2026-04-02,13:49:00.280,7.43,91,100,100,0.045,40.05,54,0,8.17,0.030,0.932,-3.05,69,0,-176.52,35.66,10,0.00,3.60,3.64,3.63,3.64,3.64,3.62,3.66,3.64,28.92,32.6,-30,-30,91.7,0,-170,498,129,0,667,0,-888,1,-1,-1,1,1,-1,-1,-1,-1,-1,0,1,
2026-04-02,13:49:00.540,7.42,90,100,100,0.010,39.13,56,0,8.17,0.048,0.839,-3.06,72,0,-176.38,36.88,10,0.00,3.60,3.64,3.63,3.64,3.64,3.62,3.66,3.63,28.92,32.0,-30,-30,94.1,0,4,498,0,0,666,0,-887,1,-1,-1,1,1,-1,-1,-1,-1,-1,0,1,
2026-04-02,13:49:00.810,7.43,92,100,100,-0.003,38.11,56,0,8.17,0.050,0.613,-3.34,75,0,-177.60,40.11,10,0.00,3.61,3.64,3.63,3.64,3.64,3.62,3.66,3.63,28.92,32.0,-30,-30,94.1,0,-23,499,-321,0,666,0,-887,1,-1,-1,1,1,-1,-1,-1,-1,-1,0,1,
2026-04-02,13:49:01.090,7.43,95,100,100,0.022,35.84,57,0,8.17,0.088,0.616,-3.62,76,0,153.13,41.49,10,0.00,3.61,3.64,3.64,3.65,3.64,3.62,3.66,3.63,28.93,31.5,-30,-30,94.8,0,-312,499,-474,0,666,0,-888,1,-1,-1,1,1,-1,-1,-1,-1,-1,0,1,
2026-04-02,13:49:01.360,7.42,96,100,100,-0.012,34.57,58,0,8.15,0.053,0.980,-4.19,75,0,161.19,40.16,10,0.00,3.61,3.64,3.64,3.65,3.64,3.63,3.66,3.63,28.93,31.5,-30,-30,95.0,0,-379,499,-293,0,666,0,-887,1,-1,-1,1,1,-1,-1,-1,-1,-1,0,1,
2026-04-02,13:49:01.630,7.43,96,100,100,-0.060,33.29,60,0,8.16,0.078,1.298,-4.43,71,0,153.58,33.30,10,0.00,3.61,3.64,3.64,3.65,3.64,3.63,3.66,3.64,28.94,31.3,-30,-30,96.7,0,-426,498,-434,0,666,0,-887,1,-1,-1,1,1,-1,-1,-1,-1,-1,0,1,
2026-04-02,13:49:01.890,7.43,97,100,100,-0.055,32.23,62,0,8.17,0.007,1.289,-3.98,78,0,151.14,32.28,10,0.00,3.61,3.65,3.64,3.65,3.64,3.63,3.66,3.64,28.94,31.3,-30,-30,96.5,0,-354,499,-502,0,667,0,-887,1,-1,-1,1,1,-1,-1,-1,-1,-1,0,1,
2026-04-02,13:49:02.150,7.42,97,100,100,-0.042,31.02,63,0,8.17,0.003,1.259,-4.01,82,0,143.85,31.31,10,0.00,3.61,3.65,3.64,3.65,3.64,3.63,3.66,3.64,28.96,31.1,-30,-30,97.0,0,-167,499,-185,0,666,0,-887,1,-1,-1,1,1,-1,-1,-1,-1,-1,0,1,
2026-04-02,13:49:02.410,7.43,99,100,100,-0.052,29.85,64,0,8.17,0.045,1.025,-4.09,83,0,139.05,32.15,10,0.00,3.61,3.65,3.64,3.65,3.64,3.63,3.66,3.64,28.96,31.1,-30,-30,97.2,0,-324,499,-48,0,666,0,-887,1,-1,-1,1,1,-1,-1,-1,-1,-1,0,1,
2026-04-02,13:49:02.680,7.42,98,100,100,-0.010,28.56,66,0,8.14,0.001,1.114,-4.23,82,0,143.55,33.53,10,0.00,3.61,3.65,3.64,3.65,3.64,3.63,3.66,3.64,28.96,31.1,-30,-30,97.2,0,-418,499,33,0,667,0,-888,1,-1,-1,1,1,-1,-1,-1,-1,-1,0,1,
2026-04-02,13:49:02.940,7.43,98,100,100,0.020,27.18,69,0,8.14,0.070,1.381,-4.65,86,0,147.56,32.10,10,0.00,3.61,3.65,3.64,3.65,3.64,3.63,3.66,3.64,28.96,31.2,-30,-30,94.8,0,-418,499,-189,0,667,0,-887,1,-1,-1,1,1,-1,-1,-1,-1,-1,0,1,
2026-04-02,13:49:03.220,7.43,98,100,100,0.018,26.25,69,0,8.15,0.093,1.378,-3.91,90,0,141.57,30.40,10,0.00,3.61,3.65,3.64,3.65,3.64,3.63,3.66,3.64,28.97,31.2,-30,-30,94.5,0,-415,499,-208,0,666,0,-888,1,-1,-1,1,1,-1,-1,-1,1,-1,0,1,
2026-04-02,13:49:03.490,7.43,99,100,100,0.005,25.42,69,0,8.13,-0.087,1.316,-3.27,89,0,129.96,28.63,10,0.00,3.61,3.65,3.64,3.65,3.64,3.63,3.66,3.64,28.97,31.4,-30,-30,94.5,0,-498,500,-71,0,666,0,-887,1,-1,-1,1,1,-1,-1,-1,1,-1,0,1,
2026-04-02,13:49:03.750,7.43,99,100,100,-0.008,23.84,67,0,8.15,-0.089,1.457,-2.89,81,0,128.94,27.69,10,0.00,3.61,3.65,3.64,3.65,3.64,3.63,3.66,3.64,28.97,31.4,-30,-30,95.7,0,-503,500,-121,0,666,0,-887,1,-1,-1,1,1,-1,-1,-1,1,-1,0,1,
2026-04-02,13:49:04.010,7.43,99,100,100,-0.013,23.55,66,0,8.16,-0.108,1.532,-1.90,71,0,132.10,25.99,10,0.00,3.61,3.65,3.64,3.65,3.64,3.63,3.66,3.64,28.97,30.8,-30,-30,97.2,0,-447,499,-211,0,666,0,-887,1,-1,-1,1,1,-1,-1,-1,-1,-1,0,1,
2026-04-02,13:49:04.280,7.43,99,100,100,0.024,23.61,65,0,8.15,-0.100,1.562,-0.69,64,0,131.85,25.72,10,0.00,3.61,3.65,3.64,3.65,3.64,3.63,3.66,3.64,28.97,30.8,-30,-30,95.9,0,-457,499,-208,0,666,0,-887,1,-1,-1,1,1,-1,-1,-1,-1,-1,0,1,
2026-04-02,13:49:04.550,7.42,100,100,100,0.023,23.92,64,0,8.16,-0.097,1.398,0.34,55,0,124.36,25.72,10,0.00,3.61,3.65,3.64,3.65,3.64,3.63,3.66,3.64,28.97,31.1,-30,-30,94.3,0,-473,499,-166,0,666,0,-887,1,-1,-1,1,1,-1,-1,-1,-1,-1,0,1,
2026-04-02,13:49:04.820,7.43,100,100,100,0.012,24.24,61,0,8.17,-0.124,1.283,0.89,60,0,116.74,24.87,10,0.00,3.61,3.65,3.64,3.65,3.64,3.63,3.66,3.64,28.97,31.1,-30,-30,93.3,0,-178,499,0,0,666,0,-887,1,-1,-1,1,1,-1,-1,-1,-1,-1,0,1,
2026-04-02,13:49:05.080,7.43,100,100,100,-0.019,24.77,58,0,8.17,-0.114,1.073,1.35,66,0,116.27,26.06,10,0.00,3.61,3.65,3.64,3.65,3.64,3.63,3.66,3.64,28.96,32.0,-30,-30,92.0,0,-139,499,2,0,666,0,-887,1,-1,-1,1,1,-1,-1,-1,-1,-1,0,1,
2026-04-02,13:49:05.340,7.43,99,100,100,0.014,25.44,56,0,8.17,-0.096,0.793,2.00,66,0,121.19,29.21,10,0.00,3.61,3.65,3.64,3.65,3.64,3.63,3.66,3.64,28.96,32.0,-30,-30,90.9,0,-197,499,0,0,666,0,-887,1,-1,-1,1,1,-1,-1,-1,-1,-1,0,1,
2026-04-02,13:49:05.610,7.42,98,100,100,0.022,25.90,55,0,8.17,-0.125,0.974,1.83,63,0,121.78,30.77,10,0.00,3.61,3.64,3.64,3.65,3.64,3.63,3.66,3.64,28.96,32.5,-30,-30,90.9,0,-184,499,0,0,666,0,-887,1,-1,-1,1,1,-1,-1,-1,-1,-1,0,1,
2026-04-02,13:49:05.870,7.43,97,100,100,0.040,26.56,54,0,8.17,-0.130,0.893,1.92,59,0,125.67,30.70,10,0.00,3.61,3.64,3.64,3.65,3.64,3.63,3.66,3.64,28.96,32.5,-30,-30,89.1,0,-334,499,0,0,666,0,-887,1,-1,-1,1,1,-1,-1,-1,-1,-1,0,1,
2026-04-02,13:49:06.130,7.43,95,100,100,0.047,27.45,53,0,8.15,-0.156,1.238,2.62,59,0,131.11,28.96,10,0.00,3.61,3.64,3.64,3.65,3.64,3.63,3.66,3.64,28.95,33.0,-30,-30,88.2,0,-384,507,-11,0,666,0,-887,1,-1,-1,1,1,-1,-1,-1,-1,-1,0,1,
2026-04-02,13:49:06.390,7.43,94,100,100,0.034,28.43,53,0,8.16,-0.150,1.027,3.11,61,0,131.17,29.17,10,0.00,3.61,3.64,3.64,3.65,3.64,3.63,3.66,3.63,28.95,33.0,-30,-30,85.6,0,-318,510,0,0,666,0,-887,1,-1,-1,1,1,-1,-1,-1,-1,-1,0,1,
2026-04-02,13:49:06.660,7.42,95,100,100,0.066,29.68,50,0,8.17,-0.166,1.156,2.18,62,0,133.86,27.68,10,0.00,3.61,3.64,3.64,3.65,3.64,3.63,3.66,3.63,28.95,34.0,-30,-30,84.6,0,-293,509,0,0,667,0,-887,1,-1,-1,1,1,-1,-1,-1,-1,-1,0,1,
2026-04-02,13:49:06.940,7.43,98,100,100,0.015,30.61,48,0,8.17,-0.168,1.139,2.73,63,0,135.20,25.14,10,0.00,3.61,3.64,3.63,3.64,3.64,3.63,3.66,3.63,28.95,34.0,-30,-30,84.1,0,-268,510,-150,0,666,0,-888,1,-1,-1,1,1,-1,-1,-1,-1,-1,0,1,
2026-04-02,13:49:07.220,7.43,100,100,100,0.045,30.61,49,0,8.17,-0.176,1.105,2.82,62,0,135.54,24.37,10,0.00,3.61,3.64,3.63,3.64,3.63,3.62,3.66,3.63,28.93,34.0,-30,-30,83.7,-63,-263,516,-313,0,667,0,-887,1,-1,-1,1,1,-1,-1,-1,-1,-1,0,1,
2026-04-02,13:49:07.480,7.43,100,100,100,0.055,32.24,51,0,8.17,-0.191,1.029,2.83,59,0,133.14,22.63,10,0.00,3.61,3.64,3.63,3.64,3.63,3.62,3.66,3.63,28.93,35.0,-30,-30,82.0,-112,-247,533,-313,0,666,0,-887,1,-1,-1,1,1,-1,-1,-1,-1,-1,0,1,
2026-04-02,13:49:07.740,7.43,99,100,100,0.055,33.23,51,0,8.17,-0.199,1.083,3.22,57,0,130.00,21.76,10,0.00,3.61,3.64,3.63,3.64,3.63,3.62,3.65,3.63,28.93,35.0,-30,-30,83.2,-131,-244,552,-314,0,667,0,-887,1,-1,-1,1,1,-1,-1,-1,-1,-1,0,1,
2026-04-02,13:49:08.020,7.43,98,100,100,0.002,34.30,51,0,8.17,-0.197,0.830,3.44,52,0,128.79,19.56,10,0.00,3.60,3.64,3.63,3.64,3.63,3.62,3.65,3.63,28.89,37.5,-30,-30,83.2,-112,-262,551,-300,0,666,0,-888,1,-1,-1,1,1,-1,-1,-1,-1,-1,0,1,
2026-04-02,13:49:08.290,7.43,98,99,99,0.039,35.14,49,0,8.17,-0.218,0.936,3.26,45,0,125.83,20.26,10,0.00,3.60,3.64,3.62,3.64,3.63,3.62,3.65,3.63,28.89,37.5,-30,-30,83.7,-100,-242,579,-362,0,667,0,-887,1,-1,-1,1,1,-1,-1,-1,-1,-1,0,1,
2026-04-02,13:49:08.560,7.42,98,99,99,0.059,35.91,48,0,8.17,-0.241,1.048,2.89,41,0,126.97,19.22,10,0.00,3.60,3.64,3.62,3.64,3.63,3.61,3.65,3.63,28.83,38.8,-30,-30,79.6,-75,-214,608,-297,0,666,0,-887,1,-1,-1,1,1,-1,-1,-1,-1,-1,0,1,
2026-04-02,13:49:08.820,7.43,96,99,99,0.061,36.66,47,0,8.17,-0.255,0.941,2.53,38,0,126.24,18.56,10,0.00,3.60,3.64,3.62,3.64,3.63,3.61,3.64,3.62,28.83,38.8,-30,-30,81.1,-70,-165,612,-282,0,666,0,-887,1,-1,-1,1,1,-1,-1,-1,-1,-1,0,1,
2026-04-02,13:49:09.080,7.43,90,99,99,0.061,36.66,46,0,8.17,-0.242,0.837,2.38,40,0,122.26,17.87,10,0.00,3.59,3.62,3.62,3.64,3.63,3.61,3.64,3.62,28.78,42.4,-30,-30,80.9,-53,-277,612,-129,0,667,0,-887,1,-1,-1,1,1,-1,-1,-1,-1,-1,0,1,
2026-04-02,13:49:09.340,7.43,87,99,99,0.003,38.50,44,0,8.17,-0.223,0.811,2.38,43,0,121.21,19.27,10,0.00,3.59,3.62,3.61,3.62,3.63,3.61,3.64,3.62,28.78,42.4,-30,-30,80.9,-42,-322,614,-71,0,666,0,-887,1,-1,-1,1,1,-1,-1,-1,-1,-1,0,1,
2026-04-02,13:49:09.600,7.43,88,99,99,0.014,39.05,44,0,8.17,-0.217,1.045,1.96,47,0,125.91,18.87,10,0.00,3.59,3.62,3.61,3.62,3.63,3.61,3.64,3.62,28.74,42.2,-30,-30,85.2,0,-349,614,-51,0,667,0,-888,1,-1,-1,1,1,-1,-1,-1,-1,-1,0,1,
2026-04-02,13:49:09.860,7.42,92,99,99,0.066,39.05,43,0,8.17,-0.266,1.363,1.54,51,0,130.53,18.60,10,0.00,3.59,3.62,3.61,3.62,3.63,3.61,3.64,3.62,28.74,42.2,-30,-30,85.6,-16,0,615,0,0,666,0,-888,1,-1,-1,1,1,-1,-1,-1,-1,-1,0,1,
2026-04-02,13:49:10.130,7.43,88,99,99,0.036,39.71,41,0,8.17,-0.183,0.622,1.34,55,0,127.84,23.58,10,0.00,3.59,3.62,3.61,3.62,3.63,3.61,3.63,3.61,28.70,42.2,-30,-30,86.9,-15,-156,614,0,0,666,0,-888,1,-1,-1,1,1,-1,-1,-1,-1,-1,0,1,
2026-04-02,13:49:10.400,7.43,89,99,99,0.042,39.53,41,0,8.17,-0.167,0.683,0.25,57,0,126.92,26.35,10,0.00,3.58,3.61,3.61,3.62,3.63,3.61,3.63,3.61,28.70,42.2,-30,-30,86.9,-1,-379,614,0,0,666,0,-887,1,-1,-1,1,1,-1,-1,-1,-1,-1,0,1,
2026-04-02,13:49:10.670,7.42,91,99,99,0.000,39.25,44,0,8.15,-0.170,1.239,-0.54,59,0,129.40,26.27,10,0.00,3.58,3.61,3.61,3.62,3.63,3.61,3.63,3.61,28.69,41.3,-30,-30,89.6,-7,-356,610,-94,0,667,0,-887,1,-1,-1,1,1,-1,-1,-1,-1,-1,0,1,
2026-04-02,13:49:10.930,7.43,99,100,99,0.024,39.17,48,0,8.16,-0.161,1.291,-0.52,61,0,132.37,25.68,10,0.00,3.58,3.61,3.61,3.62,3.61,3.59,3.63,3.61,28.69,41.3,-30,-30,91.9,-17,-387,593,-72,0,667,0,-888,1,-1,-1,1,1,-1,-1,-1,-1,-1,0,1,
2026-04-02,13:49:11.190,7.42,100,100,99,0.009,39.18,49,0,8.15,-0.149,1.332,-0.11,61,0,133.88,26.85,10,0.00,3.58,3.61,3.61,3.62,3.61,3.59,3.63,3.61,28.69,40.1,-30,-30,94.8,-20,-261,573,-197,0,666,0,-888,1,-1,-1,1,1,-1,-1,-1,-1,-1,0,1,
2026-04-02,13:49:11.450,7.43,100,100,99,-0.013,39.06,50,0,8.16,-0.119,1.259,-0.27,60,0,132.02,29.30,10,0.00,3.58,3.61,3.61,3.62,3.61,3.59,3.63,3.61,28.70,36.8,-30,-30,93.7,-21,-353,571,-175,0,666,0,-887,1,-1,-1,1,1,-1,-1,-1,-1,-1,0,1,
2026-04-02,13:49:11.720,7.43,98,99,99,-0.001,38.73,47,0,8.17,-0.090,1.183,-0.66,61,0,130.66,29.34,10,0.00,3.58,3.62,3.61,3.62,3.61,3.59,3.63,3.61,28.70,36.8,-30,-30,98.9,-20,-440,573,-129,0,666,0,-887,1,-1,-1,1,1,-1,-1,-1,-1,-1,0,1,
2026-04-02,13:49:11.990,7.43,93,99,99,0.022,38.04,44,0,8.15,-0.108,1.593,-1.25,61,0,129.48,28.34,10,0.00,3.58,3.62,3.61,3.62,3.61,3.59,3.63,3.61,28.71,35.7,-30,-30,99.6,-21,-253,573,-158,0,666,0,-888,1,-1,-1,1,1,-1,-1,-1,-1,-1,0,1,
2026-04-02,13:49:12.270,7.42,86,100,100,-0.078,38.25,42,0,8.16,-0.140,1.152,-1.25,61,0,128.33,28.17,10,0.00,3.58,3.62,3.61,3.62,3.62,3.60,3.63,3.61,28.71,35.7,-30,-30,96.3,-25,0,573,0,0,667,0,-887,1,-1,-1,1,1,-1,-1,-1,-1,-1,0,1,
2026-04-02,13:49:12.540,7.42,84,100,100,-0.037,38.34,42,0,8.17,-0.140,0.742,0.33,61,0,130.01,32.83,10,0.00,3.58,3.62,3.61,3.62,3.62,3.60,3.64,3.61,28.71,36.6,-30,-30,96.5,-17,-172,575,-89,0,666,0,-887,1,-1,-1,1,1,-1,-1,-1,-1,-1,0,1,
2026-04-02,13:49:12.810,7.43,89,100,100,0.015,37.83,43,0,8.17,-0.043,0.706,-0.76,60,0,135.08,37.89,10,0.00,3.59,3.62,3.61,3.62,3.62,3.60,3.64,3.61,28.71,36.6,-30,-30,96.5,0,-234,575,-161,0,666,0,-887,1,-1,-1,1,1,-1,-1,-1,-1,-1,0,1,
2026-04-02,13:49:13.070,7.43,95,100,100,0.057,37.25,45,0,8.17,-0.044,0.980,-1.56,59,0,133.53,38.39,10,0.00,3.59,3.62,3.62,3.63,3.62,3.60,3.64,3.61,28.72,35.9,-30,-30,101.5,0,-87,576,-204,0,667,0,-887,1,-1,-1,1,1,-1,-1,-1,-1,-1,0,1,
2026-04-02,13:49:13.330,7.42,100,100,100,-0.005,36.69,47,0,8.17,-0.038,0.717,-1.56,60,0,130.62,35.41,10,0.00,3.59,3.62,3.62,3.63,3.62,3.60,3.64,3.61,28.72,35.9,-30,-30,100.6,0,-120,578,-214,0,666,0,-888,1,-1,-1,1,1,-1,-1,-1,-1,-1,0,1,
2026-04-02,13:49:13.600,7.42,100,100,100,-0.075,36.31,48,0,8.12,-0.041,0.942,-1.61,60,0,126.64,35.34,10,0.00,3.59,3.62,3.62,3.63,3.62,3.60,3.64,3.61,28.73,35.1,-30,-30,100.6,0,-373,576,-19,0,666,0,-887,1,-1,-1,1,1,-1,-1,-1,-1,-1,0,1,
2026-04-02,13:49:13.860,7.42,100,100,100,-0.051,36.10,49,0,8.14,-0.055,1.422,-1.12,60,0,130.79,34.52,10,0.00,3.59,3.62,3.62,3.63,3.62,3.60,3.64,3.61,28.73,35.1,-30,-30,105.0,0,-254,690,-148,0,666,0,-888,1,-1,-1,1,1,-1,-1,-1,-1,-1,0,1,
2026-04-02,13:49:14.140,7.43,100,100,100,0.019,35.87,49,0,8.16,-0.090,1.123,-0.84,58,0,136.22,36.10,10,0.00,3.59,3.62,3.61,3.62,3.62,3.60,3.64,3.61,28.69,40.2,-30,-30,102.2,0,-166,691,-349,0,666,0,-888,1,-1,-1,1,1,-1,-1,-1,-1,-1,0,1,
2026-04-02,13:49:14.400,7.43,99,100,100,0.019,34.09,48,0,8.16,-0.083,1.042,-2.90,58,0,132.18,36.77,10,0.00,3.59,3.62,3.61,3.62,3.62,3.60,3.64,3.61,28.69,40.2,-30,-30,104.8,0,-238,690,-345,0,667,0,-887,1,-1,-1,1,1,-1,-1,-1,-1,-1,0,1,
2026-04-02,13:49:14.660,7.43,96,100,100,-0.045,33.38,46,0,8.17,-0.079,1.190,-2.79,59,0,127.51,33.18,10,0.00,3.59,3.62,3.61,3.62,3.62,3.60,3.64,3.61,28.66,43.7,-30,-30,107.0,0,-280,690,-379,0,667,0,-887,1,-1,-1,1,1,-1,-1,-1,-1,-1,0,1,
2026-04-02,13:49:14.940,7.43,90,100,100,-0.088,33.38,44,0,8.17,-0.078,1.263,-1.86,58,0,122.41,31.75,10,0.00,3.59,3.62,3.61,3.62,3.62,3.60,3.63,3.61,28.66,42.7,-30,-30,107.0,0,-352,649,-139,0,666,0,-888,1,-1,-1,1,1,-1,-1,-1,-1,-1,0,1,
2026-04-02,13:49:15.210,7.43,87,100,100,-0.064,32.80,43,0,8.12,-0.048,1.295,-1.23,58,0,121.43,32.53,10,0.00,3.57,3.61,3.61,3.62,3.62,3.60,3.63,3.61,28.64,42.7,-30,-30,107.0,0,-346,595,-21,0,666,0,-887,1,-1,-1,1,1,-1,-1,-1,-1,-1,0,1,
2026-04-02,13:49:15.470,7.43,90,100,100,-0.032,32.43,43,0,8.15,-0.034,1.410,-1.25,57,0,125.49,34.75,10,0.00,3.57,3.61,3.60,3.61,3.62,3.60,3.63,3.61,28.66,34.6,-30,-30,107.0,0,-304,594,-3,0,666,0,-887,1,-1,-1,1,1,-1,-1,-1,-1,-1,0,1,
2026-04-02,13:49:15.740,7.43,95,100,100,-0.003,32.00,44,0,8.16,-0.027,1.275,-1.29,54,0,127.32,36.28,10,0.00,3.57,3.61,3.60,3.61,3.61,3.60,3.63,3.61,28.66,34.6,-30,-30,105.4,0,-322,593,0,0,667,0,-887,1,-1,-1,1,1,-1,-1,-1,-1,-1,0,1,
2026-04-02,13:49:16.020,7.43,96,100,100,0.009,31.62,46,0,8.17,-0.033,1.270,-1.44,51,0,128.05,38.03,10,0.00,3.57,3.61,3.60,3.61,3.61,3.60,3.63,3.61,28.68,34.8,-30,-30,105.6,0,-117,590,0,0,666,0,-887,1,-1,-1,1,1,-1,-1,-1,-1,-1,0,1,
2026-04-02,13:49:16.280,7.43,97,100,100,-0.023,31.25,47,0,8.17,-0.024,0.906,-1.30,50,0,129.68,39.50,10,0.00,3.58,3.62,3.60,3.61,3.61,3.60,3.63,3.61,28.68,34.8,-30,-30,105.7,0,-107,590,0,0,667,0,-888,1,-1,-1,1,1,-1,-1,-1,-1,-1,0,1,
2026-04-02,13:49:16.540,7.43,97,100,100,-0.023,30.83,49,0,8.17,-0.026,0.899,-1.34,50,0,133.71,38.98,10,0.00,3.58,3.62,3.61,3.62,3.61,3.60,3.63,3.61,28.70,34.6,-30,-30,104.8,0,-68,590,0,0,666,0,-887,1,-1,-1,1,1,-1,-1,-1,-1,-1,0,1,
2026-04-02,13:49:16.800,7.43,100,100,100,-0.009,30.43,50,0,8.17,-0.025,0.857,-1.42,48,0,138.97,38.86,10,0.00,3.58,3.62,3.61,3.62,3.61,3.60,3.63,3.61,28.70,34.6,-30,-30,105.4,0,-115,591,0,0,666,0,-887,1,-1,-1,1,1,-1,-1,-1,-1,-1,0,1,
2026-04-02,13:49:17.070,7.43,100,100,100,-0.036,29.66,52,0,8.15,-0.029,0.821,-1.30,47,0,138.51,40.21,10,0.00,3.58,3.62,3.61,3.62,3.62,3.60,3.63,3.61,28.72,35.0,-30,-30,105.4,0,-279,591,-149,0,666,0,-887,1,-1,-1,1,1,-1,-1,-1,-1,-1,0,1,
2026-04-02,13:49:17.350,7.43,100,100,100,-0.006,29.29,53,0,8.16,-0.042,1.202,-1.26,47,0,142.84,38.45,10,0.00,3.58,3.62,3.61,3.62,3.62,3.60,3.64,3.62,28.72,35.0,-30,-30,103.7,0,-254,592,-318,0,666,0,-887,1,-1,-1,1,1,-1,-1,-1,-1,-1,0,1,
2026-04-02,13:49:17.620,7.43,100,100,100,0.007,28.87,54,0,8.17,-0.048,1.182,-1.34,47,0,135.99,37.24,10,0.00,3.59,3.62,3.61,3.62,3.62,3.60,3.64,3.62,28.72,35.1,-30,-30,104.3,0,-214,591,-346,0,666,0,-887,1,-1,-1,1,1,-1,-1,-1,-1,-1,0,1,
2026-04-02,13:49:17.880,7.43,100,100,99,-0.046,28.52,52,0,8.17,-0.047,1.067,-1.34,49,0,135.99,37.24,10,0.00,3.59,3.62,3.61,3.63,3.62,3.60,3.64,3.62,28.72,35.1,-30,-30,104.3,-48,-193,592,-361,0,666,0,-887,1,-1,-1,1,1,-1,-1,-1,-1,-1,0,1,
2026-04-02,13:49:18.140,7.43,100,100,99,-0.071,28.16,49,0,8.17,-0.052,1.024,-1.28,49,0,130.77,34.21,10,0.00,3.59,3.62,3.61,3.63,3.62,3.60,3.64,3.62,28.73,35.4,-30,-30,104.1,-72,-194,591,-358,0,666,0,-887,1,-1,-1,1,1,-1,-1,-1,-1,-1,0,1,
2026-04-02,13:49:18.400,7.43,99,99,99,-0.069,27.93,49,0,8.17,-0.034,1.042,-1.04,51,0,132.28,32.95,10,0.00,3.59,3.62,3.61,3.63,3.62,3.60,3.64,3.61,28.73,35.4,-30,-30,104.8,-73,-207,590,-354,0,666,0,-887,1,-1,-1,1,1,-1,-1,-1,-1,-1,0,1,
2026-04-02,13:49:18.660,7.43,98,99,99,-0.016,27.62,49,0,8.17,-0.029,1.047,-0.98,52,0,133.55,32.10,10,0.00,3.59,3.62,3.61,3.63,3.62,3.60,3.64,3.61,28.73,35.7,-30,-30,105.6,-73,-218,589,-305,0,666,0,-887,1,-1,-1,1,1,-1,-1,-1,-1,-1,0,1,
2026-04-02,13:49:18.920,7.42,95,99,99,-0.031,27.10,48,0,8.17,-0.021,0.974,-1.38,50,0,132.57,29.95,10,0.00,3.59,3.62,3.61,3.63,3.62,3.60,3.64,3.61,28.73,35.7,-30,-30,105.4,-62,-124,591,-126,0,666,0,-887,1,-1,-1,1,1,-1,-1,-1,-1,-1,0,1,
2026-04-02,13:49:19.180,7.42,95,99,99,-0.022,26.48,46,0,8.17,-0.014,0.854,-1.88,53,0,131.61,28.32,10,0.00,3.59,3.62,3.61,3.62,3.62,3.60,3.64,3.61,28.73,34.9,-30,-30,107.4,-44,-118,591,22,0,666,0,-887,1,-1,-1,1,1,-1,-1,-1,-1,-1,0,1,
2026-04-02,13:49:19.440,7.43,96,99,99,-0.013,25.94,46,0,8.17,0.000,0.770,-1.91,53,0,132.10,29.91,10,0.00,3.59,3.62,3.61,3.62,3.62,3.60,3.64,3.61,28.74,34.5,-30,-30,107.8,-44,-130,593,171,0,666,0,-887,1,-1,-1,1,1,-1,-1,-1,-1,-1,0,1,
2026-04-02,13:49:19.710,7.42,95,99,99,-0.010,25.15,45,0,8.17,0.002,0.847,-2.29,57,0,134.45,33.58,10,0.00,3.59,3.62,3.61,3.62,3.62,3.60,3.64,3.61,28.74,34.5,-30,-30,107.8,-35,-145,592,213,0,666,0,-887,1,-1,-1,1,1,-1,-1,-1,-1,-1,0,1,
2026-04-02,13:49:19.970,7.43,92,99,99,0.010,23.32,41,0,8.17,0.013,0.916,-3.10,60,0,140.78,37.86,10,0.00,3.59,3.62,3.61,3.62,3.62,3.60,3.64,3.61,28.75,34.0,-30,-30,108.5,-58,-331,591,0,0,667,0,-887,1,-1,-1,1,1,-1,-1,-1,-1,-1,0,1,
2026-04-02,13:49:20.240,7.42,89,99,99,0.008,22.24,40,0,8.15,-0.008,1.246,-3.10,61,0,144.00,36.50,10,0.00,3.59,3.62,3.62,3.63,3.62,3.60,3.64,3.61,28.75,34.0,-30,-30,108.5,-62,-416,590,-118,0,666,0,-887,1,-1,-1,1,1,-1,-1,-1,-1,-1,0,1,
2026-04-02,13:49:20.500,7.42,88,99,99,-0.001,21.28,40,0,8.13,-0.010,1.590,-3.50,63,0,144.12,33.09,10,0.00,3.59,3.62,3.62,3.63,3.62,3.60,3.64,3.61,28.76,33.4,-30,-30,108.5,-69,-399,590,-102,0,666,0,-887,1,-1,-1,1,1,-1,-1,-1,-1,-1,0,1,
2026-04-02,13:49:20.760,7.43,90,99,99,-0.036,20.50,40,0,8.16,-0.041,1.520,-3.08,64,0,141.86,30.65,10,0.00,3.59,3.62,3.62,3.63,3.62,3.60,3.64,3.62,28.76,33.4,-30,-30,107.0,-65,-418,591,-79,0,667,0,-887,1,-1,-1,1,1,-1,-1,-1,-1,-1,0,1,
2026-04-02,13:49:21.030,7.42,89,99,99,-0.013,19.76,41,0,8.15,-0.018,1.385,-3.08,64,0,140.99,31.23,10,0.00,3.59,3.62,3.62,3.63,3.62,3.60,3.64,3.62,28.76,34.0,-30,-30,107.8,-59,-189,590,-201,0,666,0,-887,1,-1,-1,1,1,-1,-1,-1,-1,-1,0,1,
2026-04-02,13:49:21.290,7.43,92,99,99,-0.011,18.92,43,0,8.16,0.010,1.003,-2.86,65,0,140.42,31.88,10,0.00,3.59,3.62,3.62,3.63,3.62,3.60,3.64,3.62,28.76,34.0,-30,-30,108.9,-60,-297,590,-369,0,667,0,-887,1,-1,-1,1,1,-1,-1,-1,-1,-1,0,1,
2026-04-02,13:49:21.560,7.43,91,99,99,0.009,18.21,43,0,8.17,0.005,1.174,-2.67,65,0,139.70,29.56,10,0.00,3.59,3.62,3.62,3.63,3.62,3.60,3.64,3.62,28.77,33.5,-30,-30,107.2,-75,-372,570,-371,0,666,0,-887,1,-1,-1,1,1,-1,-1,-1,-1,-1,0,1,
2026-04-02,13:49:21.830,7.42,94,99,99,-0.027,18.21,43,0,8.17,0.000,1.312,-1.96,63,0,129.02,27.42,10,0.00,3.59,3.62,3.62,3.63,3.62,3.60,3.64,3.62,28.77,33.5,-30,-30,107.2,-75,-444,528,-140,0,666,0,-887,1,-1,-1,1,1,-1,-1,-1,-1,-1,0,1,
2026-04-02,13:49:22.100,7.43,94,100,100,-0.023,17.65,44,0,8.17,-0.024,1.465,-1.20,62,0,129.74,26.73,10,0.00,3.59,3.62,3.62,3.63,3.62,3.60,3.64,3.61,28.79,30.3,-30,-30,107.0,-72,-329,523,-132,0,667,0,-887,1,-1,-1,1,1,-1,-1,-1,-1,-1,0,1,
2026-04-02,13:49:22.360,7.42,91,100,100,0.007,17.98,43,0,8.17,-0.022,1.398,-1.20,59,0,129.85,27.38,10,0.00,3.59,3.63,3.62,3.63,3.62,3.60,3.64,3.61,28.79,30.3,-30,-30,103.5,-76,-256,522,-224,0,666,0,-887,1,-1,-1,1,1,-1,-1,-1,-1,-1,0,1,
2026-04-02,13:49:22.630,7.42,90,100,100,-0.016,17.90,44,0,8.17,-0.027,1.157,-0.07,49,0,122.72,29.59,10,0.00,3.59,3.63,3.62,3.63,3.62,3.60,3.64,3.61,28.81,30.2,-30,-30,101.1,-80,-132,513,-149,0,666,0,-887,1,-1,-1,1,1,-1,-1,-1,-1,-1,0,1,
2026-04-02,13:49:22.890,7.43,88,100,100,-0.033,17.97,46,0,8.15,-0.017,1.156,0.05,50,0,119.50,30.91,10,0.00,3.59,3.63,3.62,3.63,3.63,3.61,3.64,3.61,28.81,30.2,-30,-30,103.5,-84,-263,485,0,0,666,0,-887,1,-1,-1,1,1,-1,-1,-1,-1,-1,0,1,
2026-04-02,13:49:23.150,7.43,94,100,100,-0.035,18.08,48,0,8.16,0.001,1.188,0.22,46,0,122.30,34.74,10,0.00,3.59,3.63,3.62,3.63,3.63,3.61,3.65,3.62,28.81,29.2,-30,-30,103.9,-88,-340,473,29,0,667,0,-887,1,-1,-1,1,1,-1,-1,-1,-1,-1,0,1,
2026-04-02,13:49:23.410,7.43,93,100,100,0.015,18.15,48,0,8.17,0.023,1.032,0.22,44,0,123.72,36.89,10,0.00,3.59,3.63,3.62,3.63,3.63,3.61,3.65,3.62,28.81,29.2,-30,-30,104.1,-86,-348,473,0,0,666,0,-888,1,-1,-1,1,1,-1,-1,-1,-1,-1,0,1,
2026-04-02,13:49:23.670,7.43,94,100,100,-0.023,18.26,47,0,8.17,0.038,1.251,0.29,48,0,124.58,38.79,10,0.00,3.60,3.63,3.62,3.63,3.63,3.61,3.65,3.62,28.85,25.9,-30,-30,104.1,-86,-276,472,0,0,666,0,-888,1,-1,-1,1,1,-1,-1,-1,-1,-1,0,1,
2026-04-02,13:49:23.950,7.43,93,100,100,-0.002,18.42,47,0,8.17,-0.003,1.036,0.48,48,0,122.70,41.53,10,0.00,3.60,3.63,3.63,3.64,3.63,3.61,3.65,3.62,28.85,26.0,-30,-30,102.4,-89,-70,438,-104,0,666,0,-887,1,-1,-1,1,1,-1,-1,-1,-1,-1,0,1,
2026-04-02,13:49:24.230,7.43,91,100,100,-0.024,18.68,46,0,8.17,0.050,0.630,0.67,50,0,124.06,42.70,10,0.00,3.60,3.63,3.63,3.64,3.63,3.62,3.65,3.62,28.88,26.0,-30,-30,102.4,-94,-108,399,-43,0,666,0,-887,1,-1,-1,1,1,-1,-1,-1,-1,-1,0,1,
2026-04-02,13:49:24.500,7.43,90,100,100,0.000,18.82,47,0,8.17,0.050,0.901,0.66,52,0,124.00,46.92,10,0.00,3.60,3.63,3.63,3.64,3.63,3.62,3.65,3.63,28.93,20.9,-30,-30,105.4,-92,-310,399,-38,0,666,0,-887,1,-1,-1,1,1,-1,-1,-1,-1,-1,0,1,
2026-04-02,13:49:24.760,7.42,91,100,100,0.026,18.89,47,0,8.17,0.017,0.931,0.34,54,0,127.78,46.62,10,0.00,3.61,3.64,3.63,3.64,3.63,3.62,3.65,3.63,28.93,20.9,-30,-30,99.3,-103,-311,397,-163,0,666,0,-887,1,-1,-1,1,1,-1,-1,-1,-1,-1,0,1,
2026-04-02,13:49:25.020,7.43,93,100,100,-0.001,18.91,47,0,8.17,0.022,1.205,0.28,54,0,131.42,43.95,10,0.00,3.61,3.64,3.64,3.65,3.63,3.62,3.65,3.63,28.98,22.3,-30,-30,100.6,-117,-311,329,-73,0,666,0,-888,1,-1,-1,1,1,-1,-1,-1,-1,-1,0,1,
2026-04-02,13:49:25.280,7.43,94,100,100,-0.032,18.80,48,0,8.17,0.034,1.078,-0.15,54,0,129.24,44.11,10,0.00,3.61,3.64,3.64,3.65,3.65,3.64,3.65,3.63,28.98,22.3,-30,-30,102.4,-124,-307,291,-96,0,666,0,-887,1,-1,-1,1,1,-1,-1,-1,-1,-1,0,1,
2026-04-02,13:49:25.560,7.42,94,100,100,-0.040,18.62,47,0,8.17,0.075,1.078,-0.26,55,0,129.10,44.43,10,0.00,3.61,3.64,3.64,3.65,3.65,3.64,3.67,3.65,29.06,13.7,-30,-30,103.5,-111,-348,292,-67,0,667,0,-887,1,-1,-1,1,1,-1,-1,-1,-1,-1,0,1,
2026-04-02,13:49:25.840,7.43,94,100,100,-0.040,18.62,47,0,8.15,0.062,1.283,-0.35,57,0,130.25,45.49,10,0.00,3.63,3.66,3.64,3.65,3.65,3.64,3.67,3.65,29.06,13.7,-30,-30,103.5,-97,-332,293,-132,0,666,0,-887,1,-1,-1,1,1,-1,-1,-1,-1,-1,0,1,
2026-04-02,13:49:26.110,7.43,90,100,100,0.025,18.39,48,0,8.16,0.047,1.317,-0.36,58,0,130.56,47.89,10,0.00,3.63,3.66,3.64,3.65,3.65,3.64,3.67,3.65,29.12,15.3,-30,-30,97.0,-99,-344,283,-193,0,666,0,-887,1,-1,-1,1,1,-1,-1,-1,-1,-1,0,1,
2026-04-02,13:49:26.370,7.43,90,100,100,0.037,18.25,48,0,8.17,0.047,1.088,-0.31,60,0,130.56,47.89,10,0.00,3.63,3.66,3.66,3.66,3.65,3.64,3.67,3.65,29.12,15.3,-30,-30,99.5,-73,-451,104,-104,0,666,0,-887,1,-1,-1,1,1,-1,-1,-1,-1,-1,0,1,
2026-04-02,13:49:26.640,7.43,91,100,100,-0.124,17.83,48,0,8.15,0.109,1.011,-1.06,61,0,130.05,44.48,10,0.00,3.63,3.66,3.66,3.66,3.66,3.66,3.67,3.65,29.22,15.3,-30,-30,99.5,-40,-383,0,0,0,666,0,-887,1,-1,-1,1,1,-1,-1,-1,-1,-1,0,1,
2026-04-02,13:49:26.900,7.43,92,100,100,-0.037,17.84,48,0,8.14,0.118,1.197,-0.54,63,0,143.49,42.36,10,0.00,3.63,3.66,3.66,3.66,3.66,3.66,3.68,3.66,29.22,15.3,-30,-30,94.3,-38,-440,-10,0,0,666,0,-887,1,-1,-1,1,1,-1,-1,-1,-1,-1,0,1,
2026-04-02,13:49:27.160,7.43,93,100,100,-0.046,17.92,48,0,8.15,0.132,1.083,-0.54,64,0,143.80,43.76,10,0.00,3.65,3.68,3.66,3.66,3.66,3.66,3.68,3.66,29.32,15.3,-30,-30,93.0,-30,-319,-11,-23,0,666,0,-887,1,-1,-1,1,1,-1,-1,-1,-1,-1,0,1,
2026-04-02,13:49:27.430,7.42,93,100,100,-0.059,17.66,48,0,8.14,0.107,1.002,-0.35,63,0,145.74,43.84,10,0.00,3.65,3.68,3.68,3.69,3.66,3.66,3.68,3.66,29.32,4.0,-30,-30,92.0,-24,-492,-2,0,0,666,0,-888,1,-1,-1,1,1,-1,-1,-1,-1,-1,0,1,
2026-04-02,13:49:27.690,7.42,94,100,100,-0.046,17.25,49,0,8.13,0.107,1.173,-1.02,61,0,149.77,42.42,10,0.00,3.65,3.68,3.68,3.69,3.69,3.68,3.68,3.66,29.39,4.0,-30,-30,90.6,-23,-550,0,0,0,666,0,-887,1,-1,-1,1,1,-1,-1,-1,-1,-1,0,1,
2026-04-02,13:49:27.950,7.42,95,100,100,-0.023,16.71,49,0,8.14,0.062,1.384,-1.52,60,0,156.62,38.56,10,0.00,3.65,3.68,3.68,3.69,3.69,3.68,3.71,3.69,29.45,4.0,-30,-30,89.6,-26,-226,-8,0,0,666,0,-888,1,-1,-1,1,1,-1,-1,-1,-1,-1,0,1,
2026-04-02,13:49:28.230,7.42,95,100,100,-0.021,15.54,50,0,8.13,0.121,1.085,-1.99,62,0,156.26,38.92,10,0.00,3.65,3.68,3.68,3.69,3.69,3.68,3.71,3.69,29.45,4.0,-30,-30,90.0,-24,-398,0,-23,0,666,0,-887,1,-1,-1,1,1,-1,-1,-1,-1,-1,0,1,
2026-04-02,13:49:28.500,7.43,94,100,100,-0.025,14.84,50,0,8.13,0.110,0.851,-2.31,62,0,156.87,39.57,10,0.00,3.67,3.70,3.68,3.69,3.69,3.68,3.71,3.69,29.50,4.8,-30,-30,86.9,-24,-394,0,0,0,666,0,-887,1,-1,-1,1,1,-1,-1,-1,-1,-1,0,1,
2026-04-02,13:49:28.760,7.43,94,100,100,-0.031,14.08,51,0,8.15,0.083,1.040,-2.51,63,0,159.19,34.81,10,0.00,3.67,3.70,3.69,3.70,3.69,3.68,3.71,3.69,29.50,4.8,-30,-30,85.6,-32,-465,-11,-120,0,666,0,-887,1,-1,-1,1,1,-1,-1,-1,-1,-1,0,1,
2026-04-02,13:49:29.030,7.43,95,100,100,-0.027,13.43,50,0,8.13,0.063,1.081,-2.36,64,0,160.65,31.82,10,0.00,3.67,3.70,3.69,3.70,3.69,3.69,3.71,3.69,29.54,5.1,-30,-30,85.6,-57,-553,-15,-164,0,666,0,-887,1,-1,-1,1,1,-1,-1,-1,-1,-1,0,1,
2026-04-02,13:49:29.290,7.43,96,100,100,-0.027,12.78,50,0,8.16,0.032,1.198,-2.28,65,0,159.93,27.21,10,0.00,3.67,3.70,3.69,3.70,3.69,3.69,3.71,3.69,29.54,5.1,-30,-30,83.3,-70,-547,-15,-293,0,667,0,-887,1,-1,-1,1,1,-1,-1,-1,-1,-1,0,1,
2026-04-02,13:49:29.550,7.42,97,100,100,-0.059,12.04,49,0,8.16,0.027,1.203,-2.41,64,0,157.90,26.24,10,0.00,3.67,3.70,3.69,3.70,3.69,3.69,3.71,3.69,29.57,5.8,-30,-30,80.0,-67,-491,74,-340,0,666,0,-888,1,-1,-1,1,1,-1,-1,-1,-1,-1,0,1,
2026-04-02,13:49:29.810,7.42,97,100,100,-0.041,11.19,49,0,8.17,-0.016,1.074,-2.75,65,0,157.14,25.97,10,0.00,3.67,3.70,3.69,3.70,3.69,3.69,3.71,3.69,29.57,5.8,-30,-30,80.0,-77,-576,309,-223,0,666,0,-887,1,-1,-1,1,1,-1,-1,-1,-1,-1,0,1,
2026-04-02,13:49:30.080,7.42,95,100,100,0.037,10.32,48,0,8.17,-0.175,1.336,-2.83,64,0,159.45,24.02,10,0.00,3.67,3.70,3.69,3.70,3.69,3.68,3.71,3.69,29.46,20.8,-30,-30,79.3,-121,-493,414,-366,0,666,0,-888,1,-1,-1,1,1,-1,-1,-1,-1,-1,0,1,
2026-04-02,13:49:30.340,7.43,92,100,100,0.057,9.15,47,0,8.17,-0.197,1.389,-3.51,63,0,157.77,22.56,10,0.00,3.67,3.70,3.69,3.70,3.69,3.68,3.70,3.67,29.46,20.8,-30,-30,79.6,-133,-493,459,-424,0,666,0,-888,1,-1,-1,1,1,-1,-1,-1,-1,-1,0,1,
2026-04-02,13:49:30.610,7.42,88,100,100,0.041,7.09,46,0,8.17,-0.197,1.194,-3.85,58,0,151.68,21.35,10,0.00,3.67,3.70,3.69,3.70,3.69,3.68,3.70,3.67,29.35,30.9,-30,-30,79.5,-116,-633,379,0,0,666,0,-888,1,-1,-1,1,1,-1,-1,-1,-1,-1,0,1,
2026-04-02,13:49:30.870,7.43,89,100,100,0.034,6.37,44,0,8.17,-0.162,1.423,-2.99,59,0,141.13,19.35,10,0.00,3.64,3.67,3.69,3.70,3.69,3.68,3.70,3.67,29.35,30.9,-30,-30,81.7,-112,-616,279,0,0,666,0,-887,1,-1,-1,1,1,-1,-1,-1,-1,-1,0,1,
2026-04-02,13:49:31.140,7.43,93,100,100,0.023,6.00,43,0,8.17,-0.168,1.482,-2.03,61,0,142.18,17.37,10,0.00,3.64,3.67,3.66,3.66,3.69,3.68,3.70,3.67,29.33,22.0,-30,-30,80.9,-104,-482,206,75,0,666,0,-888,1,-1,-1,1,1,-1,-1,-1,-1,-1,0,1,
2026-04-02,13:49:31.410,7.43,94,100,100,-0.001,5.57,42,0,8.17,-0.014,1.069,-1.67,62,0,138.41,21.03,10,0.00,3.64,3.67,3.66,3.66,3.66,3.65,3.70,3.67,29.33,22.0,-30,-30,80.9,-82,-277,195,161,0,666,0,-887,1,-1,-1,1,1,-1,-1,-1,-1,-1,0,1,
2026-04-02,13:49:31.670,7.43,91,100,100,0.019,5.26,41,0,8.14,0.000,1.062,-1.31,63,0,138.81,22.35,10,0.00,3.64,3.67,3.66,3.66,3.66,3.65,3.68,3.66,29.34,15.0,-30,-30,83.3,-55,-486,105,363,0,667,0,-887,1,-1,-1,1,1,-1,-1,-1,-1,-1,0,1,
2026-04-02,13:49:31.940,7.43,82,100,100,0.007,4.96,39,0,8.14,0.017,1.054,-1.16,65,0,146.13,23.23,10,0.00,3.65,3.68,3.66,3.66,3.66,3.65,3.68,3.66,29.34,10.8,-30,-30,82.0,-29,-535,166,415,0,666,0,-888,1,-1,-1,1,1,-1,-1,-1,-1,-1,0,1,
2026-04-02,13:49:32.200,7.43,83,100,100,0.037,4.53,40,0,8.13,0.003,1.104,-1.17,66,0,151.53,22.51,10,0.00,3.65,3.68,3.67,3.68,3.66,3.65,3.68,3.66,29.37,10.8,-30,-30,82.0,-29,-607,226,432,0,667,0,-887,1,-1,-1,1,1,-1,-1,-1,-1,-1,0,1,
2026-04-02,13:49:32.460,7.43,86,100,100,0.066,3.86,43,0,8.15,-0.045,1.264,-1.94,67,0,150.69,19.93,10,0.00,3.65,3.68,3.67,3.68,3.68,3.67,3.68,3.66,29.33,17.8,-30,-30,82.4,-17,-578,335,601,0,666,0,-887,1,-1,-1,1,1,-1,-1,-1,-1,-1,0,1,
2026-04-02,13:49:32.720,7.43,96,100,100,0.034,3.05,47,0,8.14,-0.072,1.047,-2.37,68,0,149.18,19.18,10,0.00,3.65,3.68,3.67,3.68,3.68,3.67,3.68,3.66,29.33,17.8,-30,-30,86.1,0,-571,510,669,0,666,0,-887,1,-1,-1,1,1,-1,-1,-1,-1,-1,0,1,
2026-04-02,13:49:32.980,7.43,98,100,100,0.062,1.98,52,0,8.16,-0.167,1.267,-3.07,67,0,157.41,19.85,10,0.00,3.65,3.68,3.67,3.68,3.68,3.67,3.69,3.68,29.26,33.7,-30,-30,84.6,0,-376,376,235,0,666,0,-887,1,-1,-1,1,1,-1,-1,-1,-1,-1,0,1,
2026-04-02,13:49:33.250,7.43,100,100,100,0.057,0.77,55,0,8.13,-0.026,1.024,-3.85,67,0,165.48,22.37,10,0.00,3.64,3.67,3.67,3.68,3.68,3.67,3.69,3.68,29.26,33.7,-30,-30,86.5,0,-606,326,132,0,667,0,-888,1,-1,-1,1,1,-1,-1,-1,-1,-1,0,1,
2026-04-02,13:49:33.510,7.42,100,100,100,0.062,0.08,57,0,8.13,-0.068,1.024,-3.17,66,0,163.89,19.87,10,0.00,3.64,3.67,3.66,3.67,3.68,3.67,3.69,3.68,29.24,19.9,-30,-30,86.5,-2,-577,254,60,0,666,0,-887,1,-1,-1,1,1,-1,-1,-1,-1,-1,0,1,
2026-04-02,13:49:33.780,7.43,100,100,100,0.025,-0.55,59,0,8.14,-0.037,1.367,-1.35,66,0,158.80,15.38,10,0.00,3.64,3.67,3.66,3.67,3.66,3.65,3.69,3.68,29.24,19.9,-30,-30,86.5,-26,-245,-24,13,0,666,0,-887,1,-1,-1,1,1,-1,-1,-1,-1,-1,0,1,
2026-04-02,13:49:34.040,7.43,100,100,100,-0.014,-0.53,61,0,8.16,0.105,1.048,-0.59,66,0,157.31,15.68,10,0.00,3.64,3.67,3.66,3.67,3.66,3.65,3.68,3.66,29.36,4.6,-30,-30,85.6,-24,-293,-109,11,0,666,0,-888,1,-1,-1,1,1,-1,-1,-1,-1,-1,0,1,
2026-04-02,13:49:34.310,7.43,99,100,100,-0.018,-0.25,62,0,8.14,0.104,0.879,0.33,65,0,159.04,18.44,10,0.00,3.66,3.68,3.66,3.67,3.66,3.65,3.68,3.66,29.36,4.6,-30,-30,82.8,-15,-481,-97,0,0,666,0,-887,1,-1,-1,1,1,-1,-1,-1,-1,-1,0,1,
2026-04-02,13:49:34.580,7.43,98,100,100,-0.017,-0.11,62,0,8.16,0.066,1.076,0.57,66,0,159.66,16.11,10,0.00,3.66,3.68,3.69,3.69,3.66,3.65,3.68,3.66,29.44,2.9,-30,-30,83.7,-27,-246,-96,-2,0,666,0,-887,1,-1,-1,1,1,-1,-1,-1,-1,-1,0,1,
2026-04-02,13:49:34.840,7.42,97,100,100,-0.020,-0.17,63,0,8.16,0.085,0.955,0.10,68,0,158.80,15.74,10,0.00,3.66,3.68,3.69,3.69,3.69,3.69,3.68,3.66,29.44,2.9,-30,-30,82.0,-40,-326,-24,-83,0,666,0,-888,1,-1,-1,1,1,-1,-1,-1,-1,-1,0,1,
2026-04-02,13:49:35.100,7.43,98,100,100,0.000,-0.27,63,0,8.17,0.092,0.804,-0.11,68,0,155.75,18.46,10,0.00,3.66,3.68,3.69,3.69,3.69,3.69,3.68,3.66,29.49,3.9,-30,-30,82.4,-50,-514,41,-17,0,666,0,-887,1,-1,-1,1,1,-1,-1,-1,-1,-1,0,1,
2026-04-02,13:49:35.360,7.42,98,100,100,0.000,-0.57,63,0,8.17,-0.031,0.966,-0.61,68,0,151.70,17.80,10,0.00,3.66,3.68,3.69,3.69,3.69,3.69,3.72,3.69,29.49,3.9,-30,-30,76.7,-58,-473,78,51,0,666,0,-888,1,-1,-1,1,1,-1,-1,-1,-1,-1,0,1,
2026-04-02,13:49:35.620,7.43,100,100,100,0.000,-0.95,65,0,8.17,-0.080,1.230,-1.09,70,0,147.18,12.24,10,0.00,3.68,3.70,3.69,3.69,3.69,3.69,3.72,3.69,29.51,10.4,-30,-30,76.7,-55,-470,76,73,0,667,0,-888,1,-1,-1,1,1,-1,-1,-1,-1,-1,0,1,
2026-04-02,13:49:35.890,7.43,100,100,100,0.022,-1.25,66,0,8.17,-0.042,1.021,-1.10,70,0,146.43,12.67,10,0.00,3.68,3.70,3.69,3.70,3.69,3.69,3.72,3.69,29.51,10.4,-30,-30,74.1,-61,-487,-27,0,0,666,0,-888,1,-1,-1,1,1,-1,-1,-1,-1,-1,0,1,
2026-04-02,13:49:36.160,7.43,100,100,100,0.024,-1.50,66,0,8.17,-0.003,0.943,-0.96,72,0,150.40,12.84,10,0.00,3.68,3.70,3.69,3.70,3.69,3.69,3.72,3.69,29.55,9.7,-30,-30,72.6,-84,-505,-157,0,0,667,0,-887,1,-1,-1,1,1,-1,-1,-1,-1,-1,0,1,
2026-04-02,13:49:36.430,7.43,99,100,100,0.012,-1.63,67,0,8.17,0.024,0.953,-0.26,73,0,148.41,10.80,10,0.00,3.68,3.70,3.69,3.70,3.69,3.69,3.72,3.69,29.55,9.7,-30,-30,70.0,-106,-537,-305,0,0,667,0,-887,1,-1,-1,1,1,-1,-1,-1,-1,-1,0,1,
2026-04-02,13:49:36.690,7.43,98,100,100,0.004,-1.60,68,0,8.14,0.072,0.939,-0.05,72,0,146.33,10.31,10,0.00,3.68,3.70,3.69,3.70,3.69,3.69,3.72,3.69,29.61,1.8,-30,-30,68.5,-177,-748,-431,0,0,666,0,-888,1,-1,-1,1,1,-1,-1,-1,-1,-1,0,1,
2026-04-02,13:49:36.950,7.43,98,100,100,0.084,-1.52,67,0,8.11,0.104,1.379,0.11,72,0,144.75,9.69,10,0.00,3.68,3.70,3.70,3.71,3.69,3.69,3.72,3.69,29.68,0.0,-30,-30,65.2,-236,-840,-529,0,0,666,0,-887,1,-1,-1,1,1,-1,-1,-1,-1,-1,0,1,
2026-04-02,13:49:37.220,7.43,99,100,100,0.139,-1.61,66,0,8.11,0.218,0.967,-0.08,71,0,151.28,11.27,10,0.00,3.68,3.70,3.70,3.71,3.69,3.69,3.72,3.69,29.68,0.0,-30,-30,63.7,-246,-733,-538,0,0,666,0,-887,1,-1,-1,1,1,-1,-1,-1,-1,-1,0,1,
2026-04-02,13:49:37.480,7.43,99,100,100,0.000,-1.65,66,0,8.13,0.215,0.889,-0.18,70,0,144.09,12.88,10,0.00,3.68,3.70,3.70,3.71,3.72,3.70,3.72,3.69,29.73,0.0,-30,-30,62.2,-296,-677,-696,0,0,666,0,-888,1,-1,-1,1,1,-1,-1,-1,-1,-1,0,1,
2026-04-02,13:49:37.750,7.43,99,100,100,-0.030,-1.63,66,0,8.15,0.276,1.048,-0.02,70,0,143.89,13.02,10,0.00,3.68,3.70,3.70,3.71,3.72,3.70,3.73,3.71,29.73,0.0,-30,-30,62.2,-405,-688,-889,0,0,667,0,-887,1,-1,-1,1,1,-1,-1,-1,-1,-1,0,1,
2026-04-02,13:49:38.020,7.43,99,100,100,0.040,-1.70,68,0,8.12,0.327,1.476,-0.06,73,0,143.07,13.69,10,0.00,3.70,3.72,3.70,3.71,3.72,3.70,3.73,3.71,29.77,0.0,-30,-30,58.2,-394,-951,-918,0,0,667,0,-887,1,-1,-1,1,1,-1,-1,-1,-1,-1,0,1,
2026-04-02,13:49:38.280,7.43,100,100,100,0.077,-1.90,71,0,8.11,0.142,0.847,-0.47,78,0,143.54,13.01,10,0.00,3.70,3.72,3.72,3.71,3.72,3.70,3.73,3.71,29.77,0.0,-30,-30,56.9,-279,-948,-923,0,0,666,0,-887,1,-1,-1,1,1,-1,-1,-1,-1,-1,0,1,
2026-04-02,13:49:38.550,7.43,100,100,100,0.063,-1.84,72,0,8.07,0.160,0.876,-0.16,81,0,143.17,13.40,10,0.00,3.70,3.72,3.72,3.71,3.72,3.71,3.73,3.71,29.80,0.0,-30,-30,49.4,-170,-781,-926,0,0,667,0,-887,1,-1,-1,1,1,-1,-1,-1,-1,-1,0,1,
2026-04-02,13:49:38.810,7.43,100,100,100,0.072,-1.65,72,0,8.10,0.316,1.332,0.31,78,0,141.80,15.63,10,0.00,3.70,3.72,3.72,3.71,3.72,3.71,3.74,3.71,29.80,0.0,-30,-30,49.4,-230,-1020,-1024,0,0,666,0,-887,1,-1,-1,1,1,-1,-1,-1,-1,-1,0,1,
2026-04-02,13:49:39.070,7.42,100,100,100,-0.066,-1.37,72,0,8.13,0.160,0.865,0.75,76,0,138.42,14.57,10,0.00,3.70,3.72,3.72,3.71,3.72,3.71,3.74,3.71,29.82,0.0,-30,-30,43.9,-229,-1024,-1024,0,0,666,0,-887,1,-1,-1,1,1,-1,-1,-1,-1,-1,0,1,
2026-04-02,13:49:39.330,7.42,100,100,100,-0.059,-1.34,72,0,8.15,0.167,0.839,0.39,73,0,138.90,14.15,10,0.00,3.70,3.72,3.72,3.71,3.72,3.71,3.74,3.71,29.82,0.0,-30,-30,44.4,-208,-948,-1024,0,0,666,0,-888,1,-1,-1,1,1,-1,-1,-1,-1,-1,0,1,
2026-04-02,13:49:39.600,7.42,100,100,100,0.084,-0.92,70,0,8.15,0.217,0.912,0.74,71,0,134.32,16.83,10,0.00,3.70,3.72,3.72,3.72,3.72,3.71,3.74,3.71,29.84,0.0,-30,-30,41.3,-240,-925,-1024,0,0,666,0,-887,1,-1,-1,1,1,-1,-1,-1,-1,-1,0,1,
2026-04-02,13:49:39.860,7.42,100,100,100,0.100,-0.83,67,0,8.16,0.186,0.662,0.45,74,0,135.55,16.94,10,0.00,3.70,3.72,3.72,3.72,3.73,3.72,3.74,3.71,29.84,0.0,-30,-30,37.6,-119,-767,-1024,0,0,666,0,-887,1,-1,-1,1,1,-1,-1,-1,-1,-1,0,1,
2026-04-02,13:49:40.120,7.43,100,100,100,0.051,-0.78,67,0,8.14,0.185,1.125,0.32,73,0,133.92,18.99,10,0.00,3.70,3.72,3.72,3.72,3.73,3.72,3.74,3.71,29.86,0.0,-30,-30,37.6,-314,-700,-1024,0,0,666,0,-887,1,-1,-1,1,1,-1,-1,-1,-1,-1,0,1,
2026-04-02,13:49:40.390,7.42,100,100,100,0.008,-0.58,68,0,8.11,0.147,0.793,0.46,73,0,135.57,18.74,10,0.00,3.71,3.73,3.72,3.72,3.73,3.72,3.74,3.71,29.86,0.0,-30,-30,35.6,-444,-572,-1024,0,0,666,0,-887,1,-1,-1,1,1,-1,-1,-1,-1,-1,0,1,
2026-04-02,13:49:40.650,7.43,100,100,100,0.068,-0.46,68,0,8.14,0.171,1.008,0.50,72,0,135.06,19.36,10,0.00,3.71,3.73,3.72,3.72,3.73,3.72,3.74,3.71,29.88,0.0,-30,-30,31.3,-482,-441,-1024,0,0,667,0,-887,1,-1,-1,1,1,-1,-1,-1,-1,-1,0,1,
2026-04-02,13:49:40.910,7.43,100,100,100,0.047,-0.39,66,0,8.16,0.147,0.936,0.36,68,0,137.60,20.68,10,0.00,3.71,3.73,3.72,3.72,3.73,3.72,3.74,3.71,29.88,0.0,-30,-30,30.7,-496,-358,-1024,0,0,666,0,-888,1,-1,-1,1,1,-1,-1,-1,-1,-1,0,1,
2026-04-02,13:49:41.170,7.43,100,100,100,0.065,-0.34,65,0,8.15,0.195,0.906,0.25,68,0,139.16,21.46,10,0.00,3.71,3.73,3.72,3.72,3.73,3.72,3.74,3.72,29.90,0.0,-30,-30,28.0,-390,-332,-1024,0,0,666,0,-887,1,-1,-1,1,1,-1,-1,-1,-1,-1,0,1,
2026-04-02,13:49:41.430,7.42,100,100,100,0.071,-0.32,64,0,8.13,0.110,0.997,0.10,68,0,141.95,21.91,10,0.00,3.71,3.73,3.72,3.72,3.73,3.72,3.74,3.72,29.90,0.0,-30,-30,27.2,-151,-300,-1024,0,0,667,0,-887,1,-1,-1,1,1,-1,-1,-1,-1,-1,0,1,
2026-04-02,13:49:41.700,7.42,100,100,100,-0.075,-0.31,63,0,8.09,0.073,1.059,0.08,65,0,143.57,22.15,10,0.00,3.71,3.73,3.72,3.72,3.73,3.72,3.74,3.72,29.91,0.0,-30,-30,19.8,393,0,-1024,0,0,667,0,-888,1,-1,-1,1,1,-1,-1,-1,-1,-1,0,1,
2026-04-02,13:49:41.970,7.42,100,100,100,-0.074,-0.35,62,0,8.04,0.166,1.106,-0.05,64,0,143.80,22.13,10,0.00,3.71,3.73,3.72,3.72,3.73,3.72,3.74,3.72,29.92,0.0,-30,-30,15.4,500,0,-1024,0,0,666,0,-888,1,-1,-1,1,1,-1,-1,-1,-1,-1,0,1,
2026-04-02,13:49:42.240,7.42,100,100,100,-0.138,-0.19,60,0,8.03,0.133,0.856,0.12,63,0,144.03,18.37,10,0.00,3.71,3.73,3.72,3.72,3.73,3.72,3.74,3.72,29.92,0.0,-30,-30,16.5,532,0,-914,0,0,667,0,-887,1,-1,-1,1,1,-1,-1,-1,-1,-1,0,1,
2026-04-02,13:49:42.500,7.42,100,100,100,-0.120,-0.18,60,0,8.00,0.186,1.029,0.12,62,0,143.25,16.95,10,0.00,3.71,3.73,3.72,3.72,3.73,3.72,3.74,3.72,29.93,0.0,-30,-30,16.5,555,0,-795,0,0,666,0,-887,1,-1,-1,1,1,-1,-1,-1,-1,-1,0,1,
2026-04-02,13:49:42.760,7.42,99,100,100,-0.176,-0.17,59,0,7.98,0.063,0.844,0.02,62,0,142.33,12.85,10,0.00,3.72,3.73,3.72,3.72,3.73,3.72,3.74,3.72,29.93,0.0,-30,-30,15.4,554,0,-724,0,0,666,0,-887,1,-1,-1,1,1,-1,-1,-1,-1,-1,0,1,
2026-04-02,13:49:43.030,7.42,99,100,100,-0.174,-0.17,58,0,8.00,0.185,1.124,0.07,63,0,140.94,10.35,10,0.00,3.72,3.73,3.73,3.72,3.73,3.72,3.74,3.72,29.94,0.5,-30,-30,13.9,617,0,-699,0,0,666,0,-887,1,-1,-1,1,1,-1,-1,-1,-1,-1,0,1,
2026-04-02,13:49:43.290,7.42,99,100,100,-0.161,-0.16,56,0,7.96,0.147,0.966,-0.01,63,0,141.02,8.39,10,0.00,3.72,3.73,3.73,3.72,3.74,3.72,3.74,3.72,29.94,0.5,-30,-30,8.9,723,0,-694,0,0,666,0,-888,1,-1,-1,1,1,-1,-1,-1,-1,-1,0,1,
2026-04-02,13:49:43.550,7.42,99,100,100,-0.151,-0.12,54,0,7.96,0.139,1.153,0.09,60,0,140.65,5.31,10,0.00,3.72,3.73,3.73,3.72,3.74,3.72,3.74,3.72,29.95,0.5,-30,-30,0.0,785,0,-667,0,0,666,0,-887,1,-1,-1,1,1,-1,-1,-1,-1,-1,0,1,
2026-04-02,13:49:43.810,7.42,96,100,100,-0.190,-0.11,53,0,7.97,0.053,0.898,0.06,59,0,140.51,3.14,10,0.00,3.72,3.73,3.73,3.72,3.74,3.72,3.74,3.72,29.95,0.5,-30,-30,0.0,798,0,-597,0,0,666,0,-888,1,-1,-1,1,1,-1,-1,-1,-1,-1,0,1,
2026-04-02,13:49:44.070,7.42,96,100,100,-0.201,-0.11,53,0,7.97,0.106,1.053,0.04,58,0,140.27,-1.00,10,0.00,3.72,3.73,3.73,3.72,3.74,3.72,3.74,3.72,29.94,1.4,-30,-30,0.0,797,0,-497,0,0,667,0,-887,1,-1,-1,1,1,-1,-1,-1,-1,-1,0,1,
2026-04-02,13:49:44.330,7.42,96,100,100,-0.193,-0.14,53,0,7.97,0.073,1.067,-0.01,55,0,140.35,-3.10,10,0.00,3.72,3.73,3.73,3.72,3.74,3.72,3.74,3.72,29.94,1.4,-30,-30,0.0,799,0,-428,0,0,666,0,-887,1,-1,-1,1,1,-1,-1,-1,-1,-1,0,1,
2026-04-02,13:49:44.590,7.42,98,100,100,-0.106,-0.15,50,0,7.97,0.076,0.989,-0.06,53,0,141.30,-8.34,10,0.00,3.72,3.73,3.73,3.72,3.74,3.72,3.74,3.72,29.93,3.3,-30,-30,0.0,769,0,-403,0,0,666,0,-887,1,-1,-1,1,1,-1,-1,-1,-1,-1,0,1,
2026-04-02,13:49:44.850,7.43,96,100,100,-0.151,-0.16,47,0,8.01,0.038,0.965,-0.07,54,0,141.79,-10.02,10,0.00,3.72,3.73,3.73,3.72,3.74,3.72,3.74,3.72,29.93,3.3,-30,-30,0.0,754,0,-372,0,0,666,0,-887,1,-1,-1,1,1,-1,-1,-1,-1,-1,0,1,
2026-04-02,13:49:45.110,7.43,95,100,100,-0.129,-0.18,45,0,8.03,-0.022,0.830,-0.05,54,0,143.83,-14.00,10,0.00,3.71,3.73,3.73,3.72,3.74,3.72,3.74,3.72,29.91,3.3,-30,-30,0.0,650,0,-319,0,0,667,0,-887,1,-1,-1,1,1,-1,-1,-1,-1,-1,0,1,
2026-04-02,13:49:45.370,7.42,93,100,100,-0.048,-0.18,45,0,8.05,0.045,1.025,-0.10,55,0,146.02,-17.29,10,0.00,3.71,3.73,3.73,3.72,3.74,3.72,3.74,3.72,29.91,3.3,-30,-30,0.0,575,0,-323,0,0,666,0,-888,1,-1,-1,1,1,-1,-1,-1,-1,-1,0,1,
2026-04-02,13:49:45.640,7.43,96,100,100,-0.076,-0.41,46,0,8.12,-0.060,0.894,-0.25,55,0,147.44,-19.05,10,0.00,3.71,3.73,3.73,3.72,3.73,3.72,3.74,3.72,29.90,4.4,-30,-30,0.0,590,0,-324,0,0,667,0,-887,1,-1,-1,1,1,-1,-1,-1,-1,-1,0,1,
2026-04-02,13:49:45.910,7.43,96,100,100,-0.084,-0.32,49,0,8.12,-0.037,1.035,0.06,53,0,150.28,-21.82,10,0.00,3.71,3.73,3.73,3.72,3.73,3.72,3.74,3.72,29.90,4.4,-30,-30,0.0,611,0,-324,0,0,666,0,-887,1,-1,-1,1,1,-1,-1,-1,-1,-1,0,1,
2026-04-02,13:49:46.170,7.43,97,100,100,-0.072,-0.30,52,0,8.14,-0.001,1.048,0.11,49,0,151.83,-22.94,10,0.00,3.71,3.73,3.73,3.72,3.73,3.72,3.74,3.72,29.89,4.2,-30,-30,0.0,257,0,-331,0,0,666,0,-887,1,-1,-1,1,1,-1,-1,-1,-1,-1,0,1,
2026-04-02,13:49:46.430,7.42,97,100,100,-0.012,-0.33,53,0,8.12,0.013,1.059,0.11,48,0,154.99,-24.21,10,0.00,3.71,3.73,3.73,3.72,3.73,3.72,3.74,3.72,29.89,4.0,-30,-30,0.0,108,0,-333,0,0,666,0,-887,1,-1,-1,1,1,-1,-1,-1,-1,-1,0,1,
2026-04-02,13:49:46.690,7.42,98,100,100,-0.078,-0.34,53,0,8.14,0.001,0.951,-0.05,52,0,157.47,-23.63,10,0.00,3.71,3.73,3.73,3.72,3.73,3.72,3.74,3.72,29.89,4.0,-30,-30,0.0,98,0,-333,0,0,666,0,-887,1,-1,-1,1,1,-1,-1,-1,-1,-1,0,1,
2026-04-02,13:49:46.950,7.42,99,100,100,-0.079,-0.36,55,0,8.11,0.020,1.095,-0.05,57,0,158.28,-23.38,10,0.00,3.71,3.73,3.73,3.72,3.73,3.72,3.74,3.72,29.89,4.1,-30,-30,0.0,227,0,-329,0,0,666,0,-888,1,-1,-1,1,1,-1,-1,-1,-1,-1,0,1,
2026-04-02,13:49:47.210,7.43,99,100,100,-0.018,-0.39,58,0,8.12,-0.044,0.849,-0.07,60,0,159.43,-22.79,10,0.00,3.71,3.73,3.73,3.72,3.73,3.72,3.74,3.72,29.89,4.1,-30,-30,0.0,198,0,-330,0,0,666,0,-887,1,-1,-1,1,1,-1,-1,-1,-1,-1,0,1,
2026-04-02,13:49:47.480,7.43,100,100,100,-0.066,-0.46,60,0,8.13,0.041,0.942,-0.19,61,0,159.85,-21.78,10,0.00,3.71,3.73,3.73,3.72,3.73,3.72,3.74,3.72,29.90,3.7,-30,-30,0.0,69,0,-426,0,0,666,0,-887,1,-1,-1,1,1,-1,-1,-1,-1,-1,0,1,
2026-04-02,13:49:47.750,7.42,100,100,100,-0.128,-0.55,61,0,8.15,0.129,1.139,-0.24,63,0,159.99,-19.91,10,0.00,3.71,3.73,3.73,3.72,3.73,3.72,3.74,3.72,29.90,3.7,-30,-30,0.0,24,0,-523,0,0,666,0,-887,1,-1,-1,1,1,-1,-1,-1,-1,-1,0,1,
2026-04-02,13:49:48.010,7.42,100,100,100,-0.035,-0.48,62,0,8.14,0.061,1.084,-0.03,63,0,159.89,-19.10,10,0.00,3.71,3.73,3.73,3.72,3.73,3.72,3.74,3.72,29.90,3.7,-30,-30,0.0,66,0,-532,0,0,666,0,-887,1,-1,-1,1,1,-1,-1,-1,-1,-1,0,1,
2026-04-02,13:49:48.280,7.42,100,100,100,-0.026,-0.38,62,0,8.16,0.074,1.100,0.21,63,0,159.66,-17.18,10,0.00,3.71,3.73,3.73,3.72,3.73,3.72,3.74,3.72,29.90,3.7,-30,-30,0.0,43,0,-536,0,0,666,0,-887,1,-1,-1,1,1,-1,-1,-1,-1,-1,0,1,
2026-04-02,13:49:48.540,7.42,100,100,100,-0.094,-0.26,61,0,8.16,0.104,1.036,0.18,65,0,158.86,-14.80,10,0.00,3.71,3.73,3.73,3.72,3.73,3.72,3.74,3.72,29.92,1.0,-30,-30,0.0,0,0,-630,0,0,667,0,-887,1,-1,-1,1,1,-1,-1,-1,-1,-1,0,1,
2026-04-02,13:49:48.800,7.42,100,100,100,0.043,-0.16,61,0,8.17,0.096,1.036,0.24,65,0,158.65,-14.19,10,0.00,3.72,3.73,3.73,3.72,3.73,3.72,3.74,3.72,29.92,1.0,-30,-30,0.0,-20,0,-630,0,0,666,0,-887,1,-1,-1,1,1,-1,-1,-1,-1,-1,0,1,
2026-04-02,13:49:49.070,7.42,100,100,100,-0.059,-0.09,61,0,8.12,0.077,1.034,0.28,66,0,158.05,-12.15,10,0.00,3.72,3.73,3.73,3.72,3.73,3.72,3.74,3.72,29.93,1.0,-30,-30,0.0,-378,0,-473,0,0,666,0,-888,1,-1,-1,1,1,-1,-1,-1,-1,-1,0,1,
2026-04-02,13:49:49.330,7.42,100,100,100,-0.036,-0.13,61,0,8.10,0.071,1.024,0.05,66,0,157.58,-11.44,10,0.00,3.72,3.73,3.73,3.72,3.74,3.73,3.74,3.72,29.93,1.0,-30,-30,0.0,-466,1,-380,0,0,666,0,-887,1,-1,-1,1,1,-1,-1,-1,-1,-1,0,1,
2026-04-02,13:49:49.600,7.42,100,100,100,0.015,-0.21,61,0,8.14,0.041,0.996,-0.15,66,0,156.84,-9.52,10,0.00,3.72,3.73,3.73,3.72,3.74,3.73,3.74,3.72,29.94,4.5,-30,-30,0.0,-484,0,-404,0,0,666,0,-887,1,-1,-1,1,1,-1,-1,-1,-1,-1,0,1,
2026-04-02,13:49:49.880,7.42,100,100,100,0.046,-0.35,61,0,8.14,-0.006,1.022,-0.36,66,0,156.41,-9.04,10,0.00,3.72,3.73,3.73,3.72,3.74,3.73,3.74,3.72,29.94,4.5,-30,-30,0.0,-447,0,-459,0,0,666,0,-887,1,-1,-1,1,1,-1,-1,-1,-1,-1,0,1,
2026-04-02,13:49:50.150,7.42,100,100,100,0.018,-0.36,60,0,8.16,0.026,1.062,-0.19,67,0,155.57,-6.59,10,0.00,3.72,3.73,3.73,3.72,3.74,3.73,3.74,3.72,29.94,2.4,-30,-30,0.0,-437,0,-507,0,0,666,0,-888,1,-1,-1,1,1,-1,-1,-1,-1,-1,0,1,
2026-04-02,13:49:50.410,7.43,100,100,100,0.070,-0.33,60,0,8.16,0.088,0.929,-0.02,67,0,154.87,-4.14,10,0.00,3.72,3.73,3.73,3.72,3.74,3.73,3.74,3.72,29.94,2.4,-30,-30,0.0,-467,0,-483,0,0,666,0,-887,1,-1,-1,1,1,-1,-1,-1,-1,-1,0,1,
2026-04-02,13:49:50.680,7.43,100,100,100,-0.001,-0.29,61,0,8.17,0.068,0.969,0.09,67,0,154.23,-2.28,10,0.00,3.72,3.73,3.73,3.72,3.74,3.72,3.74,3.72,29.95,1.5,-30,-30,0.0,-535,0,-427,0,0,666,0,-887,1,-1,-1,1,1,-1,-1,-1,-1,-1,0,1,
2026-04-02,13:49:50.950,7.42,100,100,100,0.034,-0.33,61,0,8.17,0.039,0.869,0.11,68,0,153.99,-1.27,10,0.00,3.72,3.73,3.73,3.72,3.74,3.72,3.75,3.73,29.95,3.3,-30,-30,0.0,-482,0,-312,0,0,666,0,-887,1,-1,-1,1,1,-1,-1,-1,-1,-1,0,1,
2026-04-02,13:49:51.210,7.43,100,100,100,-0.002,-0.43,61,0,8.15,-0.033,0.884,-0.21,68,0,153.39,0.07,10,0.00,3.72,3.73,3.73,3.72,3.74,3.72,3.75,3.73,29.92,3.3,-30,-30,0.0,-446,0,-301,0,0,666,0,-887,1,-1,-1,1,1,-1,-1,-1,-1,-1,0,1,
2026-04-02,13:49:51.480,7.43,100,100,100,0.062,-0.50,61,0,8.16,-0.033,0.861,-0.26,68,0,153.29,0.64,10,0.00,3.72,3.73,3.73,3.72,3.74,3.72,3.75,3.73,29.90,5.2,-30,-30,0.0,-442,0,-211,0,0,666,0,-887,1,-1,-1,1,1,-1,-1,-1,-1,-1,0,1,
2026-04-02,13:49:51.740,7.43,100,100,100,0.024,-0.56,61,0,8.17,0.008,0.930,-0.20,68,0,153.08,1.15,10,0.00,3.72,3.73,3.73,3.72,3.73,3.72,3.75,3.73,29.90,5.2,-30,-30,0.0,-433,0,-197,0,0,666,0,-887,1,-1,-1,1,1,-1,-1,-1,-1,-1,0,1,
2026-04-02,13:49:52.010,7.43,100,100,100,0.076,-0.65,62,0,8.17,-0.044,1.050,-0.29,68,0,152.92,1.48,10,0.00,3.72,3.73,3.73,3.72,3.73,3.72,3.74,3.72,29.88,6.9,-30,-30,0.0,-459,0,-190,0,0,666,0,-887,1,-1,-1,1,1,-1,-1,-1,-1,-1,0,1,
2026-04-02,13:49:52.270,7.42,100,100,100,0.061,-0.71,62,0,8.17,0.064,1.106,-0.24,67,0,152.88,2.61,10,0.00,3.71,3.73,3.73,3.72,3.73,3.72,3.74,3.72,29.88,6.9,-30,-30,0.0,-442,0,-219,0,0,666,0,-887,1,-1,-1,1,1,-1,-1,-1,-1,-1,0,1,
2026-04-02,13:49:52.550,7.43,100,100,100,0.055,-0.73,61,0,8.17,-0.081,0.999,-0.14,67,0,152.94,3.22,10,0.00,3.71,3.73,3.72,3.72,3.73,3.72,3.74,3.72,29.89,6.2,-30,-30,0.0,-426,0,-313,0,0,666,0,-887,1,-1,-1,1,1,-1,-1,-1,-1,-1,0,1,
2026-04-02,13:49:52.810,7.42,100,100,100,0.046,-0.73,62,0,8.14,0.015,1.070,-0.07,66,0,153.05,3.80,10,0.00,3.71,3.73,3.72,3.72,3.73,3.72,3.74,3.72,29.89,6.2,-30,-30,0.0,-343,0,-333,0,0,666,0,-887,1,-1,-1,1,1,-1,-1,-1,-1,-1,0,1,
2026-04-02,13:49:53.070,7.43,100,100,100,-0.036,-0.63,58,0,8.09,0.100,1.165,0.17,66,0,153.19,4.05,10,0.00,3.71,3.73,3.72,3.72,3.73,3.72,3.74,3.72,29.89,6.2,-30,-30,0.0,-47,0,-330,0,0,666,0,-887,1,-1,-1,1,1,-1,-1,-1,-1,-1,0,1,
2026-04-02,13:49:53.330,7.42,100,100,100,0.041,-0.54,58,0,8.10,0.006,1.235,0.26,66,0,153.14,4.96,10,0.00,3.71,3.73,3.72,3.72,3.73,3.72,3.74,3.72,29.89,6.2,-30,-30,0.0,0,0,-327,0,0,666,0,-888,1,-1,-1,1,1,-1,-1,-1,-1,-1,0,1,
2026-04-02,13:49:53.590,7.42,100,100,100,-0.037,-0.48,60,0,8.09,-0.019,0.873,0.28,65,0,152.76,4.31,10,0.00,3.71,3.73,3.72,3.72,3.73,3.72,3.74,3.72,29.89,4.1,-30,-30,0.0,-12,0,-323,0,0,667,0,-887,1,-1,-1,1,1,-1,-1,-1,-1,-1,0,1,
2026-04-02,13:49:53.850,7.42,100,100,100,-0.065,-0.48,60,0,8.12,-0.017,1.014,0.11,67,0,152.23,4.23,10,0.00,3.71,3.73,3.73,3.72,3.73,3.72,3.74,3.72,29.89,4.1,-30,-30,0.0,-40,0,-294,0,0,666,0,-888,1,-1,-1,1,1,-1,-1,-1,-1,-1,0,1,
2026-04-02,13:49:54.110,7.43,100,100,100,0.007,-0.59,60,0,8.14,0.020,0.759,-0.16,70,0,151.49,3.98,10,0.00,3.71,3.73,3.73,3.72,3.73,3.72,3.74,3.72,29.89,5.0,-30,-30,0.0,-46,0,-306,0,0,666,0,-887,1,-1,-1,1,1,-1,-1,-1,-1,-1,0,1,
2026-04-02,13:49:54.370,7.43,100,100,100,-0.043,-0.63,62,0,8.16,-0.014,0.985,-0.17,72,0,151.10,3.00,10,0.00,3.71,3.73,3.73,3.72,3.73,3.72,3.74,3.72,29.89,5.0,-30,-30,0.0,-197,0,-319,0,0,666,0,-887,1,-1,-1,1,1,-1,-1,-1,-1,-1,0,1,
2026-04-02,13:49:54.630,7.43,100,100,100,0.007,-0.60,66,0,8.16,0.060,1.056,-0.03,73,0,151.08,2.53,10,0.00,3.71,3.73,3.73,3.72,3.73,3.72,3.74,3.72,29.90,4.2,-30,-30,0.0,-161,3,-327,0,0,666,0,-887,1,-1,-1,1,1,-1,-1,-1,-1,-1,0,1,
2026-04-02,13:49:54.890,7.43,100,100,100,0.010,-0.56,68,0,8.17,-0.020,0.872,0.09,74,0,150.95,1.45,10,0.00,3.71,3.73,3.73,3.72,3.73,3.72,3.74,3.72,29.90,4.2,-30,-30,0.0,-126,0,-378,0,0,666,0,-888,1,-1,-1,1,1,-1,-1,-1,-1,-1,0,1,
2026-04-02,13:49:55.160,7.43,100,100,100,-0.035,-0.50,71,0,8.17,-0.003,0.948,0.11,70,0,150.93,0.91,10,0.00,3.71,3.73,3.72,3.72,3.73,3.72,3.74,3.72,29.91,3.2,-30,-30,0.0,-187,0,-373,0,0,666,0,-887,1,-1,-1,1,1,-1,-1,-1,-1,-1,0,1,
2026-04-02,13:49:55.420,7.43,100,100,100,-0.008,-0.55,73,0,8.17,0.041,1.106,0.03,70,0,150.71,1.44,10,0.00,3.71,3.73,3.72,3.72,3.73,3.72,3.74,3.72,29.91,3.2,-30,-30,0.0,-128,0,-347,0,0,667,0,-887,1,-1,-1,1,1,-1,-1,-1,-1,-1,0,1,
2026-04-02,13:49:55.690,7.42,100,100,100,0.011,-0.55,74,0,8.15,-0.015,0.916,-0.04,68,0,150.72,0.68,10,0.00,3.71,3.73,3.72,3.72,3.73,3.72,3.74,3.72,29.90,3.4,-30,-30,0.0,-209,0,-297,0,0,666,0,-888,1,-1,-1,1,1,-1,-1,-1,-1,-1,0,1,
2026-04-02,13:49:55.960,7.42,100,100,100,0.053,-0.49,73,0,8.16,0.000,1.117,0.11,67,0,150.36,1.00,10,0.00,3.71,3.73,3.72,3.72,3.73,3.72,3.74,3.72,29.91,4.5,-30,-30,0.0,-227,3,-342,0,0,666,0,-887,1,-1,-1,1,1,-1,-1,-1,-1,-1,0,1,
2026-04-02,13:49:56.220,7.42,100,100,100,0.050,-0.59,71,0,8.17,-0.023,0.873,-0.12,70,0,150.48,0.22,10,0.00,3.71,3.73,3.73,3.72,3.73,3.72,3.74,3.72,29.91,4.5,-30,-30,0.0,-212,0,-341,0,0,666,0,-887,1,-1,-1,1,1,-1,-1,-1,-1,-1,0,1,
2026-04-02,13:49:56.480,7.43,100,100,100,-0.061,-0.60,70,0,8.17,-0.023,0.958,-0.12,73,0,150.43,0.47,10,0.00,3.71,3.73,3.73,3.72,3.73,3.72,3.74,3.72,29.91,3.9,-30,-30,0.0,-194,0,-342,0,0,666,0,-887,1,-1,-1,1,1,-1,-1,-1,-1,-1,0,1,
2026-04-02,13:49:56.750,7.43,100,100,100,0.018,-0.59,71,0,8.17,0.025,0.973,0.00,74,0,150.33,0.24,10,0.00,3.71,3.73,3.73,3.72,3.73,3.72,3.74,3.72,29.91,3.9,-30,-30,0.0,-237,0,-368,0,0,666,0,-887,1,-1,-1,1,1,-1,-1,-1,-1,-1,0,1,
2026-04-02,13:49:57.010,7.42,100,100,100,0.028,-0.62,71,0,8.17,0.009,0.987,-0.04,72,0,150.12,0.56,10,0.00,3.71,3.73,3.73,3.72,3.73,3.72,3.74,3.72,29.91,3.4,-30,-30,0.0,-238,0,-371,0,0,666,0,-887,1,-1,-1,1,1,-1,-1,-1,-1,-1,0,1,
2026-04-02,13:49:57.270,7.42,100,100,100,-0.012,-0.64,72,0,8.17,-0.002,1.020,-0.03,74,0,149.98,0.77,10,0.00,3.72,3.73,3.73,3.72,3.73,3.72,3.74,3.72,29.91,3.4,-30,-30,0.0,-282,0,-400,0,0,666,0,-887,1,-1,-1,1,1,-1,-1,-1,-1,-1,0,1,
2026-04-02,13:49:57.530,7.42,100,100,100,0.030,-0.58,75,0,8.17,0.068,1.104,0.07,77,0,149.97,1.23,10,0.00,3.72,3.73,3.73,3.72,3.73,3.72,3.74,3.72,29.92,2.9,-30,-30,0.0,-275,0,-407,0,0,666,0,-887,1,-1,-1,1,1,-1,-1,-1,-1,-1,0,1,
2026-04-02,13:49:57.790,7.43,100,100,100,0.016,-0.57,77,0,8.17,0.036,1.103,0.07,79,0,150.06,1.14,10,0.00,3.72,3.73,3.73,3.72,3.73,3.72,3.74,3.72,29.92,2.9,-30,-30,0.0,-285,0,-399,0,0,666,0,-887,1,-1,-1,1,1,-1,-1,-1,-1,-1,0,1,
2026-04-02,13:49:58.050,7.42,100,100,100,0.008,-0.59,78,0,8.14,0.050,0.954,0.00,82,0,149.78,1.85,10,0.00,3.72,3.73,3.73,3.72,3.73,3.72,3.74,3.72,29.92,3.0,-30,-30,0.0,-355,2,-389,0,0,666,0,-887,1,-1,-1,1,1,-1,-1,-1,-1,-1,0,1,
2026-04-02,13:49:58.310,7.43,100,100,100,0.082,-0.63,79,0,8.16,0.099,1.042,-0.09,82,0,149.75,2.22,10,0.00,3.72,3.73,3.73,3.72,3.73,3.72,3.74,3.72,29.92,3.0,-30,-30,0.0,-334,1,-392,0,0,666,0,-887,1,-1,-1,1,1,-1,-1,-1,-1,-1,0,1,
2026-04-02,13:49:58.570,7.43,100,100,100,0.094,-0.62,79,0,8.16,0.029,1.026,-0.01,84,0,150.15,3.04,10,0.00,3.72,3.73,3.73,3.72,3.73,3.72,3.74,3.72,29.92,3.2,-30,-30,0.0,-276,0,-393,0,0,666,0,-887,1,-1,-1,1,1,-1,-1,-1,-1,-1,0,1,
2026-04-02,13:49:58.840,7.43,100,100,100,-0.003,-0.58,79,0,8.17,0.044,1.020,0.05,86,0,150.59,3.65,10,0.00,3.72,3.73,3.73,3.72,3.74,3.73,3.74,3.72,29.92,3.2,-30,-30,0.0,-242,0,-393,0,0,666,0,-887,1,-1,-1,1,1,-1,-1,-1,-1,-1,0,1,
2026-04-02,13:49:59.100,7.43,100,100,100,0.089,-0.57,80,0,8.17,0.033,0.903,0.06,87,0,150.49,4.07,10,0.00,3.72,3.73,3.73,3.72,3.74,3.73,3.74,3.72,29.92,3.1,-30,-30,0.0,-235,1,-393,0,0,666,0,-887,1,-1,-1,1,1,-1,-1,-1,-1,-1,0,1,
2026-04-02,13:49:59.370,7.42,100,100,100,0.007,-0.62,81,0,8.17,-0.021,0.877,-0.07,87,0,151.21,4.67,10,0.00,3.72,3.73,3.73,3.72,3.74,3.73,3.75,3.72,29.92,3.1,-30,-30,0.0,-221,1,-398,0,0,666,0,-887,1,-1,-1,1,1,-1,-1,-1,-1,-1,0,1,
2026-04-02,13:49:59.640,7.42,100,100,100,0.022,-0.63,81,0,8.17,0.011,0.891,-0.05,87,0,151.05,4.86,10,0.00,3.72,3.74,3.73,3.72,3.74,3.73,3.75,3.72,29.94,3.0,-30,-30,0.0,-229,1,-436,0,0,666,0,-888,1,-1,-1,1,1,-1,-1,-1,-1,-1,0,1,
2026-04-02,13:49:59.900,7.42,100,100,100,0.072,-0.65,81,0,8.17,0.067,1.053,-0.03,87,0,150.97,5.12,10,0.00,3.72,3.74,3.73,3.72,3.74,3.73,3.75,3.72,29.94,3.0,-30,-30,0.0,-209,0,-428,0,0,666,0,-887,1,-1,-1,1,1,-1,-1,-1,-1,-1,0,1,
2026-04-02,13:50:00.170,7.42,100,100,100,-0.009,-0.60,80,0,8.17,0.094,0.947,0.06,87,0,150.91,5.73,10,0.00,3.72,3.74,3.73,3.72,3.74,3.72,3.75,3.72,29.94,2.5,-30,-30,0.0,-227,0,-426,0,0,667,0,-887,1,-1,-1,1,1,-1,-1,-1,-1,-1,0,1,
2026-04-02,13:50:00.450,7.42,100,100,100,0.016,-0.66,79,0,8.15,0.042,0.863,-0.04,86,0,150.97,5.79,10,0.00,3.72,3.74,3.73,3.72,3.74,3.72,3.75,3.73,29.94,2.8,-30,-30,0.0,-267,0,-417,0,0,666,0,-887,1,-1,-1,1,1,-1,-1,-1,-1,-1,0,1,
2026-04-02,13:50:00.710,7.42,100,100,100,0.052,-0.77,77,0,8.16,0.001,0.983,-0.25,88,0,151.13,6.09,10,0.00,3.72,3.74,3.73,3.72,3.74,3.72,3.75,3.73,29.94,2.8,-30,-30,0.0,-304,3,-415,0,0,666,0,-887,1,-1,-1,1,1,-1,-1,-1,-1,-1,0,1,
2026-04-02,13:50:00.970,7.42,100,100,100,0.115,-0.82,77,0,8.17,0.038,0.983,-0.23,87,0,151.33,6.42,10,0.00,3.72,3.74,3.73,3.73,3.74,3.72,3.75,3.73,29.94,2.8,-30,-30,0.0,-281,0,-399,0,0,666,0,-887,1,-1,-1,1,1,-1,-1,-1,-1,-1,0,1,
2026-04-02,13:50:01.240,7.42,100,100,100,0.057,-0.76,77,0,8.17,0.022,0.874,0.00,88,0,151.48,6.60,10,0.00,3.72,3.74,3.73,3.73,3.74,3.73,3.75,3.73,29.94,2.8,-30,-30,0.0,-292,0,-389,0,0,667,0,-888,1,-1,-1,1,1,-1,-1,-1,-1,-1,0,1,
2026-04-02,13:50:01.500,7.42,100,100,100,-0.032,-0.71,78,0,8.17,0.142,1.184,0.16,81,0,151.20,7.07,10,0.00,3.72,3.74,3.73,3.73,3.74,3.73,3.75,3.73,29.94,3.3,-30,-30,0.0,-319,0,-390,0,0,666,0,-887,1,-1,-1,1,1,-1,-1,-1,-1,-1,0,1,
2026-04-02,13:50:01.770,7.42,100,100,100,0.042,-0.69,77,0,8.14,0.091,1.124,0.11,81,0,151.03,7.43,10,0.00,3.72,3.74,3.73,3.73,3.74,3.73,3.75,3.72,29.94,3.3,-30,-30,0.0,-389,0,-392,0,0,666,0,-887,1,-1,-1,1,1,-1,-1,-1,-1,-1,0,1,
2026-04-02,13:50:02.030,7.42,100,100,100,0.055,-0.78,76,0,8.15,0.021,1.035,-0.11,86,0,151.26,6.81,10,0.00,3.72,3.74,3.73,3.73,3.74,3.73,3.75,3.72,29.94,3.1,-30,-30,0.0,-410,0,-396,0,0,667,0,-887,1,-1,-1,1,1,-1,-1,-1,-1,-1,0,1,
2026-04-02,13:50:02.290,7.42,100,100,100,0.001,-0.73,76,0,8.14,-0.023,1.020,0.00,90,0,151.40,6.88,10,0.00,3.72,3.74,3.73,3.73,3.74,3.73,3.75,3.72,29.94,3.1,-30,-30,0.0,-539,3,-399,0,0,666,0,-887,1,-1,-1,1,1,-1,-1,-1,-1,-1,0,1,
2026-04-02,13:50:02.560,7.42,100,100,100,0.077,-0.70,75,0,8.11,0.048,1.086,0.09,92,0,151.50,6.25,10,0.00,3.72,3.74,3.73,3.73,3.74,3.73,3.75,3.72,29.94,3.0,-30,-30,0.0,-598,2,-408,0,0,666,0,-887,1,-1,-1,1,1,-1,-1,-1,-1,-1,0,1,
2026-04-02,13:50:02.820,7.42,100,100,100,0.098,-0.75,74,0,8.09,0.013,1.059,-0.06,93,0,151.31,6.14,10,0.00,3.72,3.74,3.73,3.73,3.74,3.73,3.75,3.73,29.94,3.0,-30,-30,0.0,-647,9,-408,0,0,666,0,-888,1,-1,-1,1,1,-1,-1,-1,-1,-1,0,1,
2026-04-02,13:50:03.090,7.42,100,100,100,0.113,-0.81,75,0,8.11,-0.033,0.755,-0.10,92,0,151.53,5.82,10,0.00,3.72,3.74,3.73,3.73,3.74,3.73,3.75,3.73,29.94,2.9,-30,-30,0.0,-603,5,-407,0,0,666,0,-887,1,-1,-1,1,1,-1,-1,-1,-1,-1,0,1,
2026-04-02,13:50:03.360,7.42,100,100,100,0.062,-0.80,76,0,8.13,0.064,0.989,-0.02,91,0,151.62,6.74,10,0.00,3.72,3.74,3.73,3.72,3.74,3.73,3.75,3.73,29.94,2.9,-30,-30,0.0,-613,2,-396,0,0,667,0,-887,1,-1,-1,1,1,-1,-1,-1,-1,-1,0,1,
2026-04-02,13:50:03.620,7.42,100,100,100,0.099,-0.77,77,0,8.10,0.041,1.010,0.04,88,0,151.53,6.88,10,0.00,3.72,3.74,3.73,3.72,3.74,3.73,3.75,3.73,29.94,3.2,-30,-30,0.0,-637,5,-340,0,0,666,0,-887,1,-1,-1,1,1,-1,-1,-1,-1,-1,0,1,
2026-04-02,13:50:03.890,7.43,100,100,100,0.048,-0.76,80,0,8.12,0.036,1.094,0.05,93,0,151.67,7.34,10,0.00,3.72,3.74,3.73,3.72,3.74,3.73,3.75,3.73,29.94,3.2,-30,-30,0.0,-678,3,-334,0,0,666,0,-887,1,-1,-1,1,1,-1,-1,-1,-1,-1,0,1,
2026-04-02,13:50:04.160,7.42,100,100,100,-0.011,-0.80,80,0,8.10,0.061,0.995,-0.06,93,0,152.28,7.90,10,0.00,3.72,3.74,3.73,3.72,3.74,3.73,3.74,3.73,29.93,4.5,-30,-30,0.0,-685,8,-335,0,0,666,0,-888,1,-1,-1,1,1,-1,-1,-1,-1,-1,0,1,
2026-04-02,13:50:04.420,7.43,100,100,100,0.060,-0.82,80,0,8.13,0.016,0.957,-0.08,92,0,152.37,8.64,10,0.00,3.72,3.74,3.73,3.72,3.74,3.73,3.74,3.73,29.93,4.5,-30,-30,0.0,-669,6,-329,0,0,666,0,-887,1,-1,-1,1,1,-1,-1,-1,-1,-1,0,1,
2026-04-02,13:50:04.690,7.42,100,100,100,0.074,-0.84,81,0,8.12,0.020,1.046,-0.05,94,0,152.66,8.56,10,0.00,3.72,3.74,3.73,3.72,3.74,3.73,3.74,3.73,29.93,4.1,-30,-30,0.0,-669,0,-327,0,0,667,0,-887,1,-1,-1,1,1,-1,-1,-1,-1,-1,0,1,
2026-04-02,13:50:04.960,7.43,100,100,100,0.022,-0.80,81,0,8.12,-0.053,1.012,0.00,92,0,152.74,9.63,10,0.00,3.72,3.74,3.73,3.72,3.74,3.72,3.74,3.73,29.93,4.1,-30,-30,0.0,-702,1,-326,0,0,666,0,-887,1,-1,-1,1,1,-1,-1,-1,-1,-1,0,1,
2026-04-02,13:50:05.230,7.42,100,100,100,0.061,-0.85,80,0,8.11,0.017,1.001,-0.12,92,0,153.39,9.77,10,0.00,3.72,3.74,3.73,3.72,3.74,3.72,3.74,3.72,29.93,4.1,-30,-30,0.0,-729,0,-332,0,0,666,0,-887,1,-1,-1,1,1,-1,-1,-1,-1,-1,0,1,
2026-04-02,13:50:05.500,7.42,100,100,100,0.054,-0.88,79,0,8.09,0.031,0.954,-0.14,91,0,153.73,11.11,10,0.00,3.72,3.74,3.73,3.72,3.74,3.72,3.74,3.72,29.93,4.0,-30,-30,0.0,-736,2,-336,0,0,666,0,-887,1,-1,-1,1,1,-1,-1,-1,-1,-1,0,1,
2026-04-02,13:50:05.760,7.43,100,100,100,0.060,-0.83,79,0,8.08,-0.064,0.909,0.03,86,0,154.15,11.37,10,0.00,3.72,3.74,3.73,3.72,3.74,3.72,3.74,3.72,29.93,4.0,-30,-30,0.0,-733,9,-325,0,0,667,0,-887,1,-1,-1,1,1,-1,-1,-1,-1,-1,0,1,
2026-04-02,13:50:06.020,7.42,100,100,100,0.049,-0.87,76,0,8.07,0.034,1.103,-0.03,75,0,154.52,11.65,10,0.00,3.72,3.74,3.73,3.72,3.74,3.72,3.74,3.72,29.93,4.3,-30,-30,0.0,-726,1,-332,0,0,666,0,-887,1,-1,-1,1,1,-1,-1,-1,-1,-1,0,1,
2026-04-02,13:50:06.290,7.42,100,100,100,0.070,-0.89,74,0,8.10,0.102,1.012,-0.03,72,0,154.70,11.50,10,0.00,3.72,3.74,3.73,3.72,3.74,3.72,3.74,3.72,29.93,4.3,-30,-30,0.0,-674,0,-398,0,0,666,0,-887,1,-1,-1,1,1,-1,-1,-1,-1,-1,0,1,
2026-04-02,13:50:06.550,7.42,100,100,100,0.006,-0.86,73,0,8.10,0.041,1.033,-0.02,73,0,155.12,12.09,10,0.00,3.72,3.74,3.73,3.72,3.74,3.72,3.74,3.73,29.93,2.4,-30,-30,0.0,-781,1,-392,0,0,666,0,-887,1,-1,-1,1,1,-1,-1,-1,-1,-1,0,1,
2026-04-02,13:50:06.820,7.43,100,100,100,-0.025,-0.75,75,0,8.09,0.056,0.854,0.23,74,0,155.59,12.25,10,0.00,3.72,3.74,3.73,3.72,3.74,3.72,3.74,3.73,29.93,2.4,-30,-30,0.0,-852,0,-394,0,0,666,0,-887,1,-1,-1,1,1,-1,-1,-1,-1,-1,0,1,
2026-04-02,13:50:07.080,7.43,100,100,100,0.037,-0.67,76,0,8.08,0.058,0.963,0.28,75,0,155.89,12.60,10,0.00,3.72,3.74,3.73,3.72,3.74,3.72,3.74,3.73,29.94,3.1,-30,-30,0.0,-858,0,-401,0,0,666,0,-887,1,-1,-1,1,1,-1,-1,-1,-1,-1,0,1,
2026-04-02,13:50:07.350,7.43,100,100,100,0.015,-0.69,76,0,8.07,0.018,0.817,0.12,77,0,156.20,13.31,10,0.00,3.72,3.74,3.73,3.72,3.74,3.73,3.74,3.73,29.94,3.1,-30,-30,0.0,-647,7,-395,0,0,666,0,-887,1,-1,-1,1,1,-1,-1,-1,-1,-1,0,1,
2026-04-02,13:50:07.620,7.43,100,100,100,0.058,-0.68,75,0,8.09,0.103,0.960,0.03,75,0,156.55,13.69,10,0.00,3.72,3.74,3.73,3.72,3.74,3.73,3.75,3.73,29.93,3.1,-30,-30,0.0,-710,4,-326,0,0,666,0,-887,1,-1,-1,1,1,-1,-1,-1,-1,-1,0,1,
2026-04-02,13:50:07.880,7.43,99,100,100,0.092,-0.71,74,0,8.10,0.047,1.040,-0.01,72,0,156.78,14.99,10,0.00,3.72,3.74,3.73,3.72,3.74,3.73,3.75,3.73,29.93,3.1,-30,-30,0.0,-771,3,-400,0,0,667,0,-887,1,-1,-1,1,1,-1,-1,-1,-1,-1,0,1,
2026-04-02,13:50:08.140,7.43,99,100,100,0.085,-0.84,74,0,8.08,0.059,0.974,-0.26,73,0,157.14,15.37,10,0.00,3.72,3.74,3.73,3.72,3.74,3.73,3.75,3.73,29.94,3.2,-30,-30,0.0,-796,1,-398,0,0,666,0,-887,1,-1,-1,1,1,-1,-1,-1,-1,-1,0,1,
2026-04-02,13:50:08.400,7.43,99,100,100,0.075,-0.74,74,0,8.10,0.043,0.942,0.16,73,0,157.51,15.37,10,0.00,3.72,3.74,3.73,3.73,3.74,3.73,3.75,3.73,29.94,3.2,-30,-30,0.0,-795,1,-401,0,0,667,0,-887,1,-1,-1,1,1,-1,-1,-1,-1,-1,0,1,
2026-04-02,13:50:08.670,7.42,100,100,100,0.029,-0.72,76,0,8.12,-0.019,0.824,0.15,73,0,158.39,14.81,10,0.00,3.72,3.74,3.73,3.73,3.74,3.73,3.75,3.73,29.94,2.9,-30,-30,0.0,-736,6,-404,0,0,666,0,-887,1,-1,-1,1,1,-1,-1,-1,-1,-1,0,1,
2026-04-02,13:50:08.940,7.42,100,100,100,0.107,-0.75,77,0,8.12,0.047,0.959,-0.04,73,0,158.27,14.96,10,0.00,3.72,3.74,3.73,3.73,3.74,3.73,3.75,3.73,29.94,2.9,-30,-30,0.0,-818,3,-398,0,0,666,0,-887,1,-1,-1,1,1,-1,-1,-1,-1,-1,0,1,
2026-04-02,13:50:09.200,7.42,100,100,100,0.053,-0.73,75,0,8.09,0.100,0.986,0.03,74,0,157.16,15.18,10,0.00,3.72,3.74,3.73,3.73,3.74,3.73,3.75,3.73,29.95,2.9,-30,-30,0.0,-894,0,-369,0,0,666,0,-888,1,-1,-1,1,1,-1,-1,-1,-1,-1,0,1,
2026-04-02,13:50:09.470,7.42,100,100,100,0.066,-0.71,74,0,8.10,0.061,1.049,0.06,76,0,157.36,14.81,10,0.00,3.72,3.74,3.73,3.72,3.74,3.73,3.75,3.73,29.95,3.7,-30,-30,0.0,-717,5,-369,0,0,667,0,-887,1,-1,-1,1,1,-1,-1,-1,-1,-1,0,1,
2026-04-02,13:50:09.740,7.42,100,100,100,0.074,-0.68,74,0,8.13,0.040,0.989,0.08,78,0,157.61,15.07,10,0.00,3.72,3.74,3.73,3.72,3.74,3.73,3.75,3.73,29.95,3.7,-30,-30,0.0,-660,2,-394,0,0,666,0,-887,1,-1,-1,1,1,-1,-1,-1,-1,-1,0,1,
2026-04-02,13:50:10.020,7.42,100,100,100,0.060,-0.66,75,0,8.16,0.014,1.062,0.08,77,0,158.14,14.00,10,0.00,3.72,3.74,3.73,3.72,3.74,3.73,3.74,3.73,29.95,2.8,-30,-30,0.0,-573,2,-401,0,0,666,0,-887,1,-1,-1,1,1,-1,-1,-1,-1,-1,0,1,
2026-04-02,13:50:10.280,7.42,100,100,100,0.089,-0.69,78,0,8.16,0.095,1.034,-0.03,79,0,158.07,14.21,10,0.00,3.72,3.74,3.73,3.72,3.74,3.73,3.74,3.73,29.95,2.8,-30,-30,0.0,-649,1,-409,0,0,666,0,-887,1,-1,-1,1,1,-1,-1,-1,-1,-1,0,1,
2026-04-02,13:50:10.540,7.42,100,100,100,-0.025,-0.65,79,0,8.17,0.073,1.172,0.07,79,0,157.48,12.65,10,0.00,3.72,3.74,3.73,3.72,3.74,3.73,3.74,3.73,29.96,2.9,-30,-30,0.0,-634,4,-411,0,0,667,0,-887,1,-1,-1,1,1,-1,-1,-1,-1,-1,0,1,
2026-04-02,13:50:10.800,7.42,100,100,100,0.026,-0.65,80,0,8.17,0.007,0.998,0.00,79,0,156.10,13.57,10,0.00,3.72,3.74,3.73,3.73,3.74,3.73,3.74,3.73,29.96,2.9,-30,-30,0.0,-628,0,-426,0,0,667,0,-887,1,-1,-1,1,1,-1,-1,-1,-1,-1,0,1,
2026-04-02,13:50:11.060,7.42,100,100,100,0.061,-0.71,82,0,8.17,0.037,0.859,-0.09,83,0,156.49,12.53,10,0.00,3.72,3.74,3.73,3.73,3.74,3.73,3.74,3.73,29.96,2.9,-30,-30,0.0,-684,0,-430,0,0,666,0,-887,1,-1,-1,1,1,-1,-1,-1,-1,-1,0,1,
2026-04-02,13:50:11.330,7.43,100,100,100,0.026,-0.64,82,0,8.17,0.037,1.007,0.08,86,0,155.26,13.29,10,0.00,3.72,3.74,3.73,3.73,3.74,3.73,3.75,3.73,29.96,2.9,-30,-30,0.0,-811,1,-415,0,0,667,0,-888,1,-1,-1,1,1,-1,-1,-1,-1,-1,0,1,
2026-04-02,13:50:11.590,7.42,100,100,100,-0.038,-0.61,82,0,8.14,-0.045,0.924,0.14,86,0,155.30,12.72,10,0.00,3.72,3.74,3.73,3.73,3.74,3.73,3.75,3.73,29.94,2.8,-30,-30,0.0,-868,5,-333,0,0,666,0,-887,1,-1,-1,1,1,-1,-1,-1,-1,-1,0,1,
2026-04-02,13:50:11.860,7.42,100,100,100,0.043,-0.64,82,0,8.13,-0.008,1.077,0.04,87,0,155.29,12.02,10,0.00,3.72,3.74,3.73,3.73,3.74,3.73,3.75,3.73,29.94,2.8,-30,-30,0.0,-722,5,-386,0,0,666,0,-887,1,-1,-1,1,1,-1,-1,-1,-1,-1,0,1,
2026-04-02,13:50:12.120,7.42,100,100,100,-0.015,-0.73,82,0,8.15,-0.030,1.057,-0.20,85,0,155.60,11.93,10,0.00,3.72,3.74,3.73,3.73,3.74,3.73,3.75,3.73,29.95,3.8,-30,-30,0.0,-680,0,-373,0,0,666,0,-887,1,-1,-1,1,1,-1,-1,-1,-1,-1,0,1,
2026-04-02,13:50:12.390,7.42,100,100,100,0.001,-0.64,82,0,8.13,0.087,1.027,0.00,79,0,154.64,11.60,10,0.00,3.72,3.74,3.73,3.73,3.74,3.73,3.75,3.73,29.95,3.8,-30,-30,0.0,-604,7,-375,0,0,666,0,-887,1,-1,-1,1,1,-1,-1,-1,-1,-1,0,1,
2026-04-02,13:50:12.650,7.42,100,100,100,0.020,-0.63,83,0,8.16,-0.042,0.881,0.11,79,0,154.23,9.53,10,0.00,3.72,3.74,3.73,3.73,3.74,3.73,3.75,3.73,29.96,3.6,-30,-30,0.0,-540,7,-381,0,0,666,0,-887,1,-1,-1,1,1,-1,-1,-1,-1,-1,0,1,
2026-04-02,13:50:12.920,7.42,100,100,100,0.016,-0.66,83,0,8.14,-0.019,1.025,-0.02,81,0,153.93,9.12,10,0.00,3.72,3.74,3.73,3.73,3.74,3.73,3.75,3.73,29.96,3.6,-30,-30,0.0,-468,1,-402,0,0,666,0,-887,1,-1,-1,1,1,-1,-1,-1,-1,-1,0,1,
2026-04-02,13:50:13.190,7.42,100,100,100,-0.005,-0.61,84,0,8.13,0.001,0.967,0.06,81,0,153.55,8.24,10,0.00,3.72,3.74,3.73,3.73,3.74,3.73,3.75,3.73,29.96,2.9,-30,-30,0.0,-381,7,-432,0,0,666,0,-887,1,-1,-1,1,1,-1,-1,-1,-1,-1,0,1,
2026-04-02,13:50:13.450,7.42,100,100,100,0.020,-0.59,83,0,8.10,-0.017,0.970,0.11,81,0,153.29,7.75,10,0.00,3.72,3.74,3.73,3.73,3.74,3.73,3.75,3.73,29.96,2.2,-30,-30,0.0,-365,0,-432,0,0,666,0,-887,1,-1,-1,1,1,-1,-1,-1,-1,-1,0,1,
2026-04-02,13:50:13.710,7.42,100,100,100,0.034,-0.57,83,0,8.11,-0.023,0.974,0.09,85,0,152.95,6.68,10,0.00,3.72,3.74,3.73,3.73,3.74,3.73,3.75,3.73,29.96,2.2,-30,-30,0.0,-665,2,-235,0,0,666,0,-887,1,-1,-1,1,1,-1,-1,-1,-1,-1,0,1,
2026-04-02,13:50:13.990,7.42,100,100,100,0.026,-0.58,82,0,8.13,-0.057,0.990,0.00,86,0,152.62,5.75,10,0.00,3.72,3.74,3.73,3.73,3.74,3.73,3.75,3.73,29.89,9.8,-30,-30,0.0,-878,6,-26,0,0,666,0,-888,1,-1,-1,1,1,-1,-1,-1,-1,-1,0,1,
2026-04-02,13:50:14.260,7.42,100,100,100,0.067,-0.74,82,0,8.09,-0.093,0.999,-0.28,82,0,152.48,5.22,10,0.00,3.72,3.74,3.73,3.72,3.74,3.73,3.75,3.73,29.89,9.8,-30,-30,0.0,-890,1,-16,0,0,666,0,-887,1,-1,-1,1,1,-1,-1,-1,-1,-1,0,1,
2026-04-02,13:50:14.520,7.42,100,100,100,0.083,-0.92,82,0,8.08,-0.137,0.874,-0.51,85,0,152.76,4.07,10,0.00,3.72,3.74,3.73,3.72,3.73,3.72,3.75,3.73,29.93,11.4,-30,-30,0.0,-885,6,-422,0,0,666,0,-888,1,-1,-1,1,1,-1,-1,-1,-1,-1,0,1,
2026-04-02,13:50:14.780,7.42,100,100,100,0.033,-1.00,82,0,8.09,0.040,1.055,-0.44,85,0,152.81,4.15,10,0.00,3.72,3.74,3.73,3.72,3.73,3.72,3.74,3.72,29.93,11.4,-30,-30,0.0,-916,8,-195,0,0,666,0,-887,1,-1,-1,1,1,-1,-1,-1,-1,-1,0,1,
2026-04-02,13:50:15.050,7.42,100,100,100,0.023,-0.86,82,0,8.12,0.040,1.008,0.06,82,0,152.94,4.82,10,0.00,3.71,3.73,3.73,3.72,3.73,3.72,3.74,3.72,29.85,8.2,-30,-30,0.0,-813,6,27,0,0,666,0,-887,1,-1,-1,1,1,-1,-1,-1,-1,-1,0,1,
2026-04-02,13:50:15.310,7.42,100,100,100,0.053,-0.81,82,0,8.14,-0.061,0.968,0.21,82,0,152.83,5.88,10,0.00,3.71,3.73,3.73,3.72,3.73,3.72,3.74,3.72,29.85,8.2,-30,-30,0.0,-732,7,-761,0,0,666,0,-887,1,-1,-1,1,1,-1,-1,-1,-1,-1,0,1,
2026-04-02,13:50:15.570,7.42,100,100,100,0.054,-1.01,82,0,8.16,0.095,0.853,-0.27,80,0,152.18,5.91,10,0.00,3.71,3.73,3.72,3.72,3.73,3.72,3.74,3.72,29.90,0.0,-30,-30,0.0,-654,5,-1023,0,0,666,0,-887,1,-1,-1,1,1,-1,-1,-1,-1,-1,0,1,
2026-04-02,13:50:15.840,7.42,100,100,100,-0.008,-1.01,83,0,8.14,0.083,0.930,0.06,77,0,151.32,8.88,10,0.00,3.71,3.73,3.72,3.72,3.73,3.72,3.74,3.72,29.90,0.0,-30,-30,0.0,-325,0,-995,0,0,666,0,-887,1,-1,-1,1,1,-1,-1,-1,-1,-1,0,1,
2026-04-02,13:50:16.110,7.42,100,100,100,-0.014,-0.52,83,0,8.08,0.026,0.979,0.73,76,0,151.51,9.55,10,0.00,3.71,3.73,3.72,3.72,3.73,3.72,3.74,3.72,29.93,0.0,-30,-30,0.0,-205,3,-882,0,0,666,0,-887,1,-1,-1,1,1,-1,-1,-1,-1,-1,0,1,
2026-04-02,13:50:16.380,7.43,100,100,100,0.000,-0.25,83,0,8.02,0.026,0.996,0.50,78,0,151.09,9.44,10,0.00,3.72,3.74,3.72,3.72,3.73,3.72,3.74,3.72,29.93,0.0,-30,-30,0.0,-158,0,-1024,0,0,666,0,-887,1,-1,-1,1,1,-1,-1,-1,-1,-1,0,1,
2026-04-02,13:50:16.650,7.42,100,100,99,0.015,-0.21,83,0,7.97,-0.022,0.988,0.29,80,0,151.03,7.78,10,0.00,3.72,3.74,3.74,3.73,3.73,3.72,3.74,3.72,29.95,0.0,-30,-30,0.0,0,6,-1019,0,0,666,0,-887,1,-1,-1,1,1,-1,-1,-1,-1,-1,0,1,
2026-04-02,13:50:16.910,7.42,100,100,99,0.021,-0.26,83,0,7.93,-0.024,0.978,0.05,80,0,151.00,7.22,10,0.00,3.72,3.74,3.74,3.73,3.74,3.73,3.74,3.72,29.95,0.0,-30,-30,0.0,0,1,-1021,0,0,666,0,-887,1,-1,-1,1,1,-1,-1,-1,-1,-1,0,1,
2026-04-02,13:50:17.170,7.42,100,100,99,0.025,-0.29,83,0,7.92,-0.021,0.980,-0.09,81,0,150.93,6.19,10,0.00,3.72,3.74,3.74,3.73,3.74,3.73,3.76,3.73,29.97,0.0,-30,-30,0.0,0,2,-1024,0,0,666,0,-887,1,-1,-1,1,1,-1,-1,-1,-1,-1,0,1,
2026-04-02,13:50:17.430,7.42,100,100,99,0.020,-0.32,83,0,7.92,-0.018,0.982,-0.08,82,0,150.90,5.74,10,0.00,3.72,3.74,3.74,3.73,3.74,3.73,3.76,3.73,29.97,0.0,-30,-30,0.0,0,1,-1024,0,0,666,0,-887,1,-1,-1,1,1,-1,-1,-1,-1,-1,0,1,
2026-04-02,13:50:17.700,7.42,100,100,99,0.018,-0.27,84,0,7.94,-0.021,0.980,0.04,83,0,150.83,4.93,10,0.00,3.73,3.74,3.74,3.73,3.74,3.73,3.76,3.73,29.98,0.0,-30,-30,0.0,0,0,-1023,0,0,666,0,-887,1,-1,-1,1,1,-1,-1,-1,-1,-1,0,1,
2026-04-02,13:50:17.960,7.42,100,100,99,0.017,-0.24,84,0,7.93,-0.021,0.981,0.11,79,0,150.77,4.23,10,0.00,3.73,3.74,3.74,3.73,3.74,3.73,3.76,3.73,29.98,0.0,-30,-30,0.0,0,3,-1023,0,0,666,0,-887,1,-1,-1,1,1,1,-1,-1,-1,-1,0,1,
2026-04-02,13:50:18.220,7.43,100,100,99,0.016,-0.21,84,0,7.91,-0.021,0.981,0.08,85,0,150.75,3.92,10,0.00,3.73,3.74,3.74,3.73,3.75,3.73,3.76,3.73,30.00,0.0,-30,-30,0.0,0,4,-1024,0,0,666,0,-887,1,-1,-1,1,1,1,-1,-1,-1,-1,0,1,
2026-04-02,13:50:18.480,7.43,100,100,99,0.017,-0.17,84,0,7.91,-0.021,0.981,0.14,86,0,150.69,3.36,10,0.00,3.73,3.74,3.74,3.73,3.75,3.73,3.75,3.73,30.01,0.0,-30,-30,0.0,0,7,-1023,0,0,666,0,-887,1,-1,-1,1,1,1,-1,-1,-1,-1,0,1,
2026-04-02,13:50:18.740,7.42,100,100,99,0.017,-0.24,84,0,7.92,-0.022,0.981,-0.06,83,0,150.67,3.11,10,0.00,3.73,3.75,3.74,3.73,3.75,3.73,3.75,3.73,30.01,0.0,-30,-30,0.0,0,5,-1023,0,0,667,0,-887,1,-1,-1,1,1,1,-1,-1,-1,-1,0,1,
2026-04-02,13:50:19.010,7.42,100,100,99,0.016,-0.27,84,0,7.94,-0.022,0.982,-0.11,87,0,150.63,2.66,10,0.00,3.73,3.75,3.74,3.73,3.75,3.73,3.75,3.73,30.02,0.0,-30,-30,0.0,0,9,-1024,0,0,666,0,-887,1,-1,-1,1,1,1,-1,-1,-1,-1,0,1,
2026-04-02,13:50:19.270,7.42,100,100,99,0.017,-0.23,84,0,7.93,-0.021,0.981,0.00,89,0,150.61,2.46,10,0.00,3.73,3.75,3.74,3.73,3.75,3.73,3.75,3.73,30.02,0.0,-30,-30,0.0,0,10,-1023,0,0,667,0,-887,1,-1,-1,1,1,1,-1,-1,-1,-1,0,1,
2026-04-02,13:50:19.530,7.42,100,100,99,0.018,-0.18,85,0,7.95,-0.020,0.981,0.07,91,0,150.57,2.10,10,0.00,3.73,3.75,3.74,3.73,3.75,3.73,3.75,3.73,30.02,0.0,-30,-30,0.0,0,4,-1023,0,0,666,0,-887,1,-1,-1,1,1,1,-1,-1,-1,-1,0,1,
2026-04-02,13:50:19.800,7.42,100,100,99,0.017,-0.15,85,0,7.96,-0.021,0.982,0.07,92,0,150.55,1.78,10,0.00,3.73,3.75,3.74,3.73,3.75,3.73,3.75,3.74,30.02,0.0,-30,-30,0.0,0,4,-1023,0,0,666,0,-887,1,-1,-1,1,1,1,-1,-1,-1,-1,0,1,
2026-04-02,13:50:20.060,7.42,100,100,99,0.018,-0.09,85,0,7.97,-0.019,0.981,0.12,92,0,150.53,1.65,10,0.00,3.73,3.75,3.74,3.73,3.75,3.73,3.75,3.74,30.03,0.0,-30,-30,0.0,0,6,-1023,0,0,667,0,-887,1,-1,-1,1,1,1,-1,-1,-1,-1,0,1,
2026-04-02,13:50:20.330,7.42,100,100,99,0.017,-0.08,85,0,7.97,-0.021,0.982,0.09,94,0,150.51,1.39,10,0.00,3.73,3.75,3.74,3.73,3.75,3.73,3.75,3.74,30.03,0.0,-30,-30,0.0,0,9,-1023,0,0,666,0,-887,1,-1,-1,1,1,1,-1,-1,-1,-1,0,1,
2026-04-02,13:50:20.590,7.42,100,100,99,0.016,-0.01,85,0,7.94,-0.022,0.982,0.16,95,0,150.50,1.28,10,0.00,3.73,3.75,3.74,3.73,3.75,3.74,3.75,3.74,30.03,0.0,-30,-30,0.0,0,3,-1023,0,0,666,0,-887,1,-1,-1,1,1,1,-1,-1,-1,-1,0,1,
2026-04-02,13:50:20.850,7.41,100,100,100,0.018,-0.06,85,0,7.89,-0.021,0.981,0.05,97,0,150.48,1.08,10,0.00,3.73,3.75,3.74,3.73,3.75,3.74,3.76,3.74,30.03,0.0,-30,-30,0.0,0,1,-1023,0,0,666,0,-888,1,-1,-1,1,1,1,-1,-1,-1,-1,0,1,
2026-04-02,13:50:21.120,7.42,100,100,100,0.017,-0.14,85,0,7.90,-0.021,0.981,-0.22,93,0,150.47,0.90,10,0.00,3.73,3.75,3.74,3.73,3.75,3.74,3.76,3.74,30.04,0.0,-30,-30,0.0,0,9,-1024,0,0,667,0,-887,1,-1,-1,1,1,1,-1,-1,-1,-1,0,1,
2026-04-02,13:50:21.390,7.42,100,100,100,0.018,-0.14,85,0,7.92,-0.022,0.981,-0.08,95,0,150.46,0.82,10,0.00,3.73,3.75,3.74,3.74,3.75,3.74,3.76,3.74,30.04,0.0,-30,-30,0.0,0,6,-1023,0,0,666,0,-887,1,-1,-1,1,1,1,-1,-1,-1,-1,0,1,
2026-04-02,13:50:21.650,7.41,100,100,100,0.018,-0.14,85,0,7.92,-0.021,0.981,-0.03,98,0,150.45,0.68,10,0.00,3.73,3.75,3.74,3.74,3.75,3.74,3.76,3.74,30.05,0.0,-30,-30,0.0,0,6,-1023,0,0,666,0,-887,1,-1,-1,1,1,1,-1,-1,-1,-1,0,1,
2026-04-02,13:50:21.910,7.42,100,100,100,0.018,-0.18,85,0,7.95,-0.021,0.981,-0.10,99,0,150.44,0.62,10,0.00,3.73,3.75,3.74,3.74,3.75,3.74,3.76,3.74,30.05,0.0,-30,-30,0.0,0,8,-1023,0,0,666,0,-887,1,-1,-1,1,1,1,-1,-1,-1,-1,0,1,
2026-04-02,13:50:22.170,7.42,100,100,100,0.018,-0.21,85,0,7.96,-0.021,0.981,-0.05,100,0,150.43,0.51,10,0.00,3.73,3.75,3.74,3.74,3.75,3.74,3.76,3.74,30.05,0.0,-30,-30,0.0,0,3,-1024,0,0,667,0,-887,1,-1,-1,1,1,1,-1,-1,-1,-1,0,1,
2026-04-02,13:50:22.430,7.42,100,100,100,0.018,-0.19,85,0,7.97,-0.021,0.981,0.03,100,0,150.43,0.46,10,0.00,3.73,3.75,3.74,3.74,3.75,3.74,3.76,3.74,30.05,0.0,-30,-30,0.0,0,8,-1023,0,0,666,0,-887,1,-1,-1,1,1,1,-1,-1,-1,-1,0,1,
2026-04-02,13:50:22.690,7.42,100,100,100,0.018,-0.20,87,0,7.97,-0.021,0.981,0.00,100,0,150.42,0.37,10,0.10,3.73,3.75,3.74,3.73,3.75,3.74,3.76,3.74,30.06,0.0,-30,-30,0.0,0,4,-1023,0,0,667,0,-887,1,-1,-1,1,1,1,-1,-1,-1,-1,0,1,
2026-04-02,13:50:22.960,7.41,100,100,100,0.017,-0.20,90,0,7.97,-0.021,0.981,-0.03,100,0,150.42,0.29,10,0.05,3.73,3.75,3.74,3.73,3.75,3.74,3.76,3.74,30.06,0.0,-30,-30,0.0,0,5,-1023,0,0,666,0,-887,1,-1,-1,1,1,1,-1,-1,-1,-1,0,1,
2026-04-02,13:50:23.230,7.42,100,100,100,0.018,-0.21,91,0,7.92,-0.022,0.981,0.00,100,0,150.41,0.26,10,0.05,3.73,3.75,3.74,3.73,3.75,3.74,3.76,3.74,30.06,0.0,-30,-30,0.0,0,5,-1024,0,0,667,0,-887,1,-1,-1,1,1,1,-1,-1,-1,-1,0,1,
2026-04-02,13:50:23.490,7.42,100,100,100,0.017,-0.23,91,0,7.91,-0.021,0.982,-0.02,100,0,150.41,0.20,10,0.04,3.74,3.75,3.74,3.73,3.75,3.74,3.76,3.74,30.06,0.0,-30,-30,0.0,0,9,-1023,0,0,666,0,-887,1,-1,-1,1,1,1,-1,-1,-1,-1,0,1,
2026-04-02,13:50:23.760,7.42,100,100,100,0.018,-0.25,88,0,7.91,-0.022,0.982,-0.07,97,0,150.41,0.14,10,0.05,3.74,3.75,3.74,3.74,3.75,3.74,3.76,3.74,30.06,0.0,-30,-30,0.0,0,5,-1024,0,0,666,0,-887,1,-1,-1,1,1,1,-1,-1,-1,-1,0,1,
2026-04-02,13:50:24.030,7.42,100,100,100,0.018,-0.30,87,0,7.91,-0.021,0.981,-0.13,98,0,150.41,0.12,10,0.04,3.74,3.75,3.74,3.74,3.75,3.74,3.76,3.74,30.06,0.0,-30,-30,0.0,0,5,-1022,0,0,666,0,-887,1,-1,-1,1,1,1,-1,-1,-1,-1,0,1,
2026-04-02,13:50:24.300,7.41,100,100,100,0.017,-0.22,87,0,7.93,-0.022,0.981,0.09,97,0,150.40,0.08,10,0.06,3.74,3.75,3.74,3.74,3.75,3.74,3.76,3.74,30.06,0.0,-30,-30,0.0,0,7,-1022,0,0,666,0,-887,1,-1,-1,1,1,1,-1,-1,-1,-1,0,1,
2026-04-02,13:50:24.560,7.42,100,100,100,0.018,-0.20,88,0,7.94,-0.020,0.980,0.09,98,0,150.40,0.06,10,0.06,3.74,3.75,3.74,3.74,3.75,3.74,3.76,3.74,30.07,0.0,-30,-30,0.0,0,5,-1022,0,0,666,0,-887,1,-1,-1,1,1,1,-1,-1,-1,-1,0,1,
2026-04-02,13:50:24.830,7.42,100,100,100,0.017,-0.25,91,0,7.92,-0.022,0.981,0.06,99,0,150.40,0.03,10,0.07,3.74,3.75,3.74,3.74,3.75,3.74,3.76,3.74,30.07,0.0,-30,-30,0.0,0,8,-1022,0,0,666,0,-887,1,-1,-1,1,1,1,-1,-1,-1,-1,0,1,
2026-04-02,13:50:25.090,7.42,100,100,100,0.017,-0.25,94,0,7.89,-0.022,0.981,-0.07,100,0,150.40,0.00,10,0.07,3.74,3.75,3.74,3.74,3.75,3.74,3.76,3.74,30.07,0.0,-30,-30,0.0,0,7,-1023,0,0,666,0,-887,1,-1,-1,1,1,1,-1,-1,-1,-1,0,1,
2026-04-02,13:50:25.350,7.42,100,100,99,0.018,-0.24,94,0,7.93,-0.022,0.982,-0.02,100,0,150.40,-0.01,10,0.06,3.74,3.75,3.74,3.74,3.75,3.74,3.76,3.74,30.07,0.0,-30,-30,0.0,0,3,-1023,2,0,666,0,-887,1,-1,-1,1,1,1,-1,-1,-1,-1,0,1,
2026-04-02,13:50:25.620,7.42,100,100,99,0.002,-0.26,96,0,7.92,-0.019,0.988,-0.05,100,0,150.38,0.02,10,0.07,3.74,3.75,3.74,3.74,3.75,3.74,3.76,3.74,30.07,0.0,-30,-30,0.0,0,7,-1023,0,0,666,0,-887,1,-1,-1,1,1,1,-1,-1,-1,-1,0,1,
2026-04-02,13:50:25.880,7.43,100,100,99,0.002,-0.26,98,0,7.91,-0.019,0.988,-0.05,100,0,150.38,0.02,10,0.07,3.74,3.75,3.74,3.74,3.75,3.74,3.76,3.74,30.07,0.0,-30,-30,0.0,0,8,-1023,0,0,667,0,-887,1,-1,-1,1,1,1,-1,-1,-1,-1,0,1,
2026-04-02,13:50:26.140,7.43,100,100,99,0.002,-0.26,90,0,7.91,-0.019,0.988,-0.05,100,0,150.38,0.02,10,0.07,3.74,3.75,3.74,3.74,3.75,3.74,3.76,3.74,30.07,0.0,-30,-30,0.0,0,8,-1024,0,0,666,0,-887,1,-1,-1,1,1,1,-1,-1,-1,-1,0,1,
2026-04-02,13:50:26.410,7.43,100,100,99,0.002,-0.26,78,2,7.91,-0.019,0.988,-0.05,100,0,150.38,0.02,10,0.07,3.74,3.75,3.74,3.74,3.75,3.74,3.76,3.74,30.07,0.0,-30,-30,0.0,0,9,-1024,0,0,666,0,-887,1,-1,-1,1,1,1,-1,-1,-1,-1,0,1,
2026-04-02,13:50:26.670,7.42,100,100,99,0.002,-0.26,74,0,7.91,-0.019,0.988,-0.05,100,0,150.38,0.02,10,0.07,3.74,3.75,3.74,3.74,3.75,3.74,3.76,3.74,30.07,0.0,-30,-30,0.0,0,10,-1023,0,0,666,0,-887,1,-1,-1,1,1,1,-1,-1,-1,-1,0,1,
2026-04-02,13:50:26.930,7.42,100,100,99,0.002,-0.26,74,0,7.91,-0.019,0.988,-0.05,100,0,150.38,0.02,10,0.07,3.74,3.75,3.74,3.74,3.75,3.74,3.76,3.74,30.07,0.0,-30,-30,0.0,0,6,-1024,0,0,666,0,-887,1,-1,-1,1,1,1,-1,-1,-1,-1,0,1,
2026-04-02,13:50:27.190,7.42,100,100,99,0.002,-0.26,74,0,7.91,-0.019,0.988,-0.05,100,0,150.38,0.02,10,0.07,3.74,3.75,3.74,3.74,3.75,3.74,3.76,3.74,30.07,0.0,-30,-30,0.0,0,1,-1024,0,0,666,0,-887,1,-1,-1,1,1,1,-1,-1,-1,-1,0,1,
2026-04-02,13:50:27.460,7.42,100,100,99,0.002,-0.26,74,0,7.91,-0.019,0.988,-0.05,100,0,150.38,0.02,10,0.07,3.74,3.75,3.74,3.74,3.75,3.74,3.76,3.74,30.07,0.0,-30,-30,0.0,0,4,-1024,0,0,666,0,-887,1,-1,-1,1,1,1,-1,-1,-1,-1,0,1,
2026-04-02,13:50:27.730,7.42,100,100,99,0.002,-0.26,74,0,7.91,-0.019,0.988,-0.05,100,0,150.38,0.02,10,0.07,3.74,3.75,3.74,3.74,3.75,3.74,3.76,3.74,30.07,0.0,-30,-30,0.0,0,9,-1024,0,0,667,0,-887,1,-1,-1,1,1,1,-1,-1,-1,-1,0,1,
2026-04-02,13:50:27.990,7.42,100,100,99,0.002,-0.26,74,0,7.91,-0.019,0.988,-0.05,100,0,150.38,0.02,10,0.07,3.74,3.75,3.74,3.74,3.75,3.74,3.76,3.74,30.07,0.0,-30,-30,0.0,0,9,-1024,0,0,666,0,-887,1,-1,-1,1,1,1,-1,-1,-1,-1,0,1,
2026-04-02,13:50:28.260,7.42,100,100,99,0.002,-0.26,74,0,7.91,-0.019,0.988,-0.05,100,0,150.38,0.02,10,0.07,3.74,3.75,3.74,3.74,3.75,3.74,3.76,3.74,30.07,0.0,-30,-30,0.0,0,8,-1024,0,0,666,0,-887,1,-1,-1,1,1,1,-1,-1,-1,-1,0,1,
2026-04-02,13:50:28.560,7.42,100,100,99,0.002,-0.26,74,0,7.91,-0.019,0.988,-0.05,100,0,150.38,0.02,10,0.07,3.74,3.75,3.74,3.74,3.75,3.74,3.76,3.74,30.07,0.0,-30,-30,0.0,0,0,-1024,0,0,666,0,-887,1,-1,-1,1,1,1,-1,-1,-1,-1,0,1,
2026-04-02,13:50:28.820,7.41,100,100,99,0.002,-0.26,74,0,7.91,-0.019,0.988,-0.05,100,0,150.38,0.02,10,0.07,3.74,3.75,3.74,3.74,3.75,3.74,3.76,3.74,30.07,0.0,-30,-30,0.0,0,9,-1024,0,0,666,0,-887,1,-1,-1,1,1,1,-1,-1,-1,-1,0,1,
2026-04-02,13:50:29.090,7.41,100,100,99,0.002,-0.26,74,0,7.91,-0.019,0.988,-0.05,100,0,150.38,0.02,10,0.07,3.74,3.75,3.74,3.74,3.75,3.74,3.76,3.74,30.07,0.0,-30,-30,0.0,0,6,-1024,0,0,666,0,-887,1,-1,-1,1,1,1,-1,-1,-1,-1,0,1,
2026-04-02,13:50:29.350,7.41,100,100,99,0.002,-0.26,74,0,7.91,-0.019,0.988,-0.05,100,0,150.38,0.02,10,0.07,3.74,3.75,3.74,3.74,3.75,3.74,3.76,3.74,30.07,0.0,-30,-30,0.0,0,9,-1024,0,0,667,0,-888,1,-1,-1,1,1,1,-1,-1,-1,-1,0,1,
2026-04-02,13:50:29.620,7.41,100,100,99,0.002,-0.26,74,0,7.91,-0.019,0.988,-0.05,100,0,150.38,0.02,10,0.07,3.74,3.75,3.74,3.74,3.75,3.74,3.76,3.74,30.07,0.0,-30,-30,0.0,0,8,-1024,0,0,666,0,-887,1,-1,-1,1,1,1,-1,-1,-1,-1,0,1,
2026-04-02,13:50:29.890,7.41,100,100,99,0.002,-0.26,74,0,7.91,-0.019,0.988,-0.05,100,0,150.38,0.02,10,0.07,3.74,3.75,3.74,3.74,3.75,3.74,3.76,3.74,30.07,0.0,-30,-30,0.0,0,9,-1024,0,0,666,0,-887,1,-1,-1,1,1,1,-1,-1,-1,-1,0,1,
2026-04-02,13:50:30.150,7.41,100,100,99,0.002,-0.26,74,0,7.91,-0.019,0.988,-0.05,100,0,150.38,0.02,10,0.07,3.74,3.75,3.74,3.74,3.75,3.74,3.76,3.74,30.07,0.0,-30,-30,0.0,0,9,-1024,0,0,666,0,-888,1,-1,-1,1,1,1,-1,-1,-1,-1,0,1,
2026-04-02,13:50:30.410,7.41,100,100,99,0.002,-0.26,74,0,7.91,-0.019,0.988,-0.05,100,0,150.38,0.02,10,0.07,3.74,3.75,3.74,3.74,3.75,3.74,3.76,3.74,30.07,0.0,-30,-30,0.0,0,0,-1024,0,0,666,0,-887,1,-1,-1,1,1,1,-1,-1,-1,-1,0,1,
2026-04-02,13:50:30.670,7.41,100,100,99,0.002,-0.26,74,0,7.91,-0.019,0.988,-0.05,100,0,150.38,0.02,10,0.07,3.74,3.75,3.74,3.74,3.75,3.74,3.76,3.74,30.07,0.0,-30,-30,0.0,0,8,-1024,0,0,666,0,-887,1,-1,-1,1,1,1,-1,-1,-1,-1,0,1,
2026-04-02,13:50:30.930,7.41,100,100,99,0.002,-0.26,74,0,7.91,-0.019,0.988,-0.05,100,0,150.38,0.02,10,0.07,3.74,3.75,3.74,3.74,3.75,3.74,3.76,3.74,30.07,0.0,-30,-30,0.0,0,9,-1024,0,0,666,0,-887,1,-1,-1,1,1,1,-1,-1,-1,-1,0,1,
2026-04-02,13:50:31.190,7.42,100,100,99,0.002,-0.26,74,0,7.91,-0.019,0.988,-0.05,100,0,150.38,0.02,10,0.07,3.74,3.75,3.74,3.74,3.75,3.74,3.76,3.74,30.07,0.0,-30,-30,0.0,0,10,-1024,0,0,666,0,-887,1,-1,-1,1,1,1,-1,-1,-1,-1,0,1,
2026-04-02,13:50:31.460,7.42,100,100,99,0.002,-0.26,74,0,7.91,-0.019,0.988,-0.05,100,0,150.38,0.02,10,0.07,3.74,3.75,3.74,3.74,3.75,3.74,3.76,3.74,30.07,0.0,-30,-30,0.0,0,8,-1024,0,0,667,0,-887,1,-1,-1,1,1,1,-1,-1,-1,-1,0,1,
2026-04-02,13:50:31.730,7.41,100,100,99,0.002,-0.26,74,0,7.91,-0.019,0.988,-0.05,100,0,150.38,0.02,10,0.07,3.74,3.75,3.74,3.74,3.75,3.74,3.76,3.74,30.07,0.0,-30,-30,0.0,0,3,-1024,0,0,666,0,-887,1,-1,-1,1,1,1,-1,-1,-1,-1,0,1,
2026-04-02,13:50:31.990,7.42,100,100,99,0.002,-0.26,74,0,7.91,-0.019,0.988,-0.05,100,0,150.38,0.02,10,0.07,3.74,3.75,3.74,3.74,3.75,3.74,3.76,3.74,30.07,0.0,-30,-30,0.0,0,2,-1024,0,0,666,0,-887,1,-1,-1,1,1,1,-1,-1,-1,-1,0,1,
2026-04-02,13:50:32.250,7.41,100,100,99,0.002,-0.26,74,0,7.91,-0.019,0.988,-0.05,100,0,150.38,0.02,10,0.07,3.74,3.75,3.74,3.74,3.75,3.74,3.76,3.74,30.07,0.0,-30,-30,0.0,0,6,-1024,0,0,666,0,-887,1,-1,-1,1,1,1,-1,-1,-1,-1,0,1,
2026-04-02,13:50:32.510,7.42,100,100,99,0.002,-0.26,74,0,7.91,-0.019,0.988,-0.05,100,0,150.38,0.02,10,0.07,3.74,3.75,3.74,3.74,3.75,3.74,3.76,3.74,30.07,0.0,-30,-30,0.0,0,5,-1024,0,0,666,0,-887,1,-1,-1,1,1,1,-1,-1,-1,-1,0,1,
2026-04-02,13:50:32.770,7.41,100,100,99,0.002,-0.26,74,0,7.91,-0.019,0.988,-0.05,100,0,150.38,0.02,10,0.07,3.74,3.75,3.74,3.74,3.75,3.74,3.76,3.74,30.07,0.0,-30,-30,0.0,0,8,-1024,1,0,666,0,-887,1,-1,-1,1,1,1,-1,-1,-1,-1,0,1,
2026-04-02,13:50:33.040,7.42,100,100,99,0.002,-0.26,74,0,7.91,-0.019,0.988,-0.05,100,0,150.38,0.02,10,0.07,3.74,3.75,3.74,3.74,3.75,3.74,3.76,3.74,30.07,0.0,-30,-30,0.0,0,10,-1024,0,0,667,0,-887,1,-1,-1,1,1,1,-1,-1,-1,-1,0,1,
2026-04-02,13:50:33.360,7.42,100,100,99,0.002,-0.26,74,0,7.91,-0.019,0.988,-0.05,100,0,150.38,0.02,10,0.07,3.74,3.75,3.74,3.74,3.75,3.74,3.76,3.74,30.07,0.0,-30,-30,0.0,0,10,-1024,0,0,666,0,-887,1,-1,-1,1,1,1,-1,-1,-1,-1,0,1,
2026-04-02,13:50:33.630,7.42,100,100,99,0.002,-0.26,74,0,7.91,-0.019,0.988,-0.05,100,0,150.38,0.02,10,0.07,3.74,3.75,3.74,3.74,3.75,3.74,3.76,3.74,30.07,0.0,-30,-30,0.0,0,10,-1024,0,0,666,0,-887,1,-1,-1,1,1,1,-1,-1,-1,-1,0,1,
2026-04-02,13:50:33.890,7.42,100,100,99,0.002,-0.26,74,0,7.91,-0.019,0.988,-0.05,100,0,150.38,0.02,10,0.07,3.74,3.75,3.74,3.74,3.75,3.74,3.76,3.74,30.07,0.0,-30,-30,0.0,0,10,-1024,0,0,667,0,-887,1,-1,-1,1,1,1,-1,-1,-1,-1,0,1,
2026-04-02,13:50:34.150,7.41,100,100,99,0.002,-0.26,74,0,7.91,-0.019,0.988,-0.05,100,0,150.38,0.02,10,0.07,3.74,3.75,3.74,3.74,3.75,3.74,3.76,3.74,30.07,0.0,-30,-30,0.0,0,7,-1024,0,0,666,0,-887,1,-1,-1,1,1,1,-1,-1,-1,-1,0,1,
2026-04-02,13:50:34.420,7.42,100,100,99,0.002,-0.26,74,0,7.91,-0.019,0.988,-0.05,100,0,150.38,0.02,10,0.07,3.74,3.75,3.74,3.74,3.75,3.74,3.76,3.74,30.07,0.0,-30,-30,0.0,0,10,-1024,0,0,666,0,-887,1,-1,-1,1,1,1,-1,-1,-1,-1,0,1,
2026-04-02,13:50:34.680,7.42,100,100,99,0.002,-0.26,74,0,7.91,-0.019,0.988,-0.05,100,0,150.38,0.02,10,0.07,3.74,3.75,3.74,3.74,3.75,3.74,3.76,3.74,30.07,0.0,-30,-30,0.0,0,9,-1024,0,0,667,0,-887,1,-1,-1,1,1,1,-1,-1,-1,-1,0,1,
